# Blender 5.1.2
# www.blender.org
mtllib cannon.mtl
o Body__basilisk
v 0.427105 0.835573 0.881007
v -0.410948 0.835573 0.881006
v 0.427105 1.026672 0.881007
v 0.251909 1.026672 0.881006
v -0.235752 1.026672 0.881006
v -0.410948 1.026672 0.881006
v 0.427106 0.835573 -0.609137
v 0.251910 0.835573 -0.609137
v -0.235751 0.835573 -0.609137
v -0.410947 0.835573 -0.609137
v 0.427106 1.026672 -0.609137
v 0.251910 1.026672 -0.609137
v -0.235751 1.026672 -0.609137
v -0.410947 1.026672 -0.609137
v 0.427105 1.026672 1.124743
v 0.251909 1.026672 1.124743
v -0.235752 1.026672 1.124742
v -0.410948 1.026672 1.124742
v -0.410948 0.835573 1.767228
v 0.427104 0.835573 1.767229
v 0.427104 1.026672 1.527164
v 0.251909 1.026672 1.527164
v -0.235752 1.026672 1.527164
v -0.410948 1.026672 1.527164
v -0.235751 1.278701 -0.479392
v -0.410947 1.278701 -0.479392
v -0.410948 1.307840 0.881006
v -0.410948 1.126762 1.124742
v -0.410948 1.096514 1.527164
v -0.235752 1.096514 1.527164
v -0.235752 1.126762 1.124742
v -0.235752 1.307840 0.881006
v 0.427106 1.278701 -0.479391
v 0.251910 1.278701 -0.479392
v 0.251909 1.307840 0.881006
v 0.251909 1.126762 1.124743
v 0.251909 1.096514 1.527164
v 0.427104 1.096514 1.527164
v 0.427105 1.126762 1.124743
v 0.427105 1.307840 0.881006
v -0.235751 1.307841 -0.414906
v -0.410947 1.307841 -0.414906
v -0.410948 1.126762 1.496916
v -0.235752 1.126762 1.496916
v 0.427105 1.307841 -0.414905
v 0.251910 1.307841 -0.414906
v 0.251909 1.126762 1.496916
v 0.427104 1.126762 1.496916
v 0.427104 1.026672 1.767229
v 0.251908 1.026672 1.767228
v -0.235752 1.026672 1.767228
v -0.410948 1.026672 1.767228
v -0.235752 0.835573 1.767228
v 0.251908 0.835573 1.767228
v 0.251909 1.391401 1.527164
v -0.235752 1.391401 1.527164
v -0.235752 1.391401 1.767228
v 0.251908 1.391401 1.767228
v 0.216395 1.421649 1.527164
v -0.200238 1.421649 1.527164
v -0.200239 1.421649 1.767228
v 0.216395 1.421649 1.767228
v 0.251910 1.026672 -1.233112
v 0.251910 0.835573 -1.233112
v -0.235751 0.835573 -1.233112
v -0.235751 1.026672 -1.233112
v 0.251908 0.835573 1.998827
v 0.251908 1.026672 1.998827
v -0.235752 1.026672 1.998826
v -0.235752 0.835573 1.998826
v 0.251908 0.825759 2.040265
v 0.251908 0.997835 2.123384
v -0.235752 0.997835 2.123384
v -0.235752 0.825759 2.040264
v 0.118149 0.636319 2.445657
v 0.118149 0.796727 2.519764
v -0.101993 0.796727 2.519764
v -0.101993 0.636319 2.445657
v 0.118149 0.610860 2.545877
v 0.118149 0.785748 2.553530
v -0.101994 0.785748 2.553530
v -0.101994 0.610860 2.545877
v 0.075443 0.557700 2.916182
v 0.075443 0.669257 2.916084
v -0.059288 0.669257 2.916083
v -0.059288 0.557700 2.916182
v 0.216396 1.026672 -1.263360
v 0.216396 0.835573 -1.263360
v -0.200237 0.835573 -1.263360
v -0.200237 1.026672 -1.263360
v 0.075443 0.558181 3.186686
v 0.075443 0.669265 3.186588
v -0.059288 0.669265 3.186588
v -0.059288 0.558181 3.186686
v 0.152414 0.557700 2.916182
v 0.152414 0.669257 2.916084
v 0.152413 0.669265 3.186588
v 0.152413 0.558181 3.186686
v -0.136259 0.669257 2.916083
v -0.136259 0.557700 2.916181
v -0.136259 0.558181 3.186686
v -0.136259 0.669265 3.186588
v 0.075443 0.558215 3.296898
v 0.075443 0.669266 3.296799
v -0.059288 0.669266 3.296799
v -0.059288 0.558215 3.296898
v 0.129103 0.664783 3.161629
v 0.122753 0.664783 3.150631
v 0.122753 0.714880 3.150588
v 0.129103 0.715700 3.161556
v 0.110054 0.664783 3.150631
v 0.110054 0.714880 3.150588
v 0.103704 0.664783 3.161629
v 0.103704 0.715700 3.161556
v 0.110054 0.664783 3.172627
v 0.110054 0.716520 3.172523
v 0.122753 0.664783 3.172627
v 0.122753 0.716520 3.172523
v 0.122753 0.724889 3.145865
v 0.129103 0.732832 3.153472
v 0.110054 0.724889 3.145865
v 0.103704 0.732832 3.153472
v 0.110054 0.740776 3.161078
v 0.122753 0.740776 3.161078
v 0.122753 0.729172 3.135661
v 0.129103 0.740165 3.136004
v 0.110054 0.729172 3.135661
v 0.103704 0.740165 3.136004
v 0.110054 0.751158 3.136347
v 0.122753 0.751158 3.136347
v 0.122753 0.729180 3.058130
v 0.129103 0.740178 3.058130
v 0.110054 0.729180 3.058130
v 0.103704 0.740178 3.058130
v 0.110054 0.751176 3.058130
v 0.122753 0.751176 3.058130
v 0.129103 0.664783 2.945451
v 0.129103 0.715700 2.945525
v 0.122753 0.714880 2.956492
v 0.122753 0.664783 2.956449
v 0.110054 0.714880 2.956492
v 0.110054 0.664783 2.956449
v 0.103704 0.715700 2.945525
v 0.103704 0.664783 2.945451
v 0.110054 0.716520 2.934557
v 0.110054 0.664783 2.934453
v 0.122753 0.716520 2.934557
v 0.122753 0.664783 2.934453
v 0.129103 0.732832 2.953609
v 0.122753 0.724888 2.961215
v 0.110054 0.724888 2.961215
v 0.103704 0.732832 2.953609
v 0.110054 0.740776 2.946002
v 0.122753 0.740776 2.946002
v 0.129103 0.740165 2.971076
v 0.122753 0.729172 2.971418
v 0.110054 0.729172 2.971418
v 0.103704 0.740165 2.971076
v 0.110054 0.751158 2.970733
v 0.122753 0.751158 2.970733
v -0.086310 0.664783 3.161629
v -0.092660 0.664783 3.150631
v -0.092660 0.714880 3.150588
v -0.086310 0.715700 3.161556
v -0.105360 0.664783 3.150631
v -0.105360 0.714880 3.150588
v -0.111710 0.664783 3.161629
v -0.111710 0.715700 3.161556
v -0.105360 0.664783 3.172627
v -0.105360 0.716520 3.172523
v -0.092660 0.664783 3.172627
v -0.092660 0.716520 3.172523
v -0.092660 0.724889 3.145865
v -0.086310 0.732832 3.153472
v -0.105360 0.724889 3.145865
v -0.111710 0.732832 3.153472
v -0.105360 0.740776 3.161078
v -0.092660 0.740776 3.161078
v -0.092660 0.729172 3.135661
v -0.086310 0.740165 3.136004
v -0.105360 0.729172 3.135661
v -0.111709 0.740165 3.136004
v -0.105360 0.751158 3.136347
v -0.092660 0.751158 3.136347
v -0.092660 0.729180 3.058130
v -0.086310 0.740178 3.058130
v -0.105360 0.729180 3.058130
v -0.111709 0.740178 3.058130
v -0.105360 0.751176 3.058130
v -0.092660 0.751176 3.058130
v -0.086310 0.664783 2.945451
v -0.086310 0.715700 2.945525
v -0.092660 0.714880 2.956492
v -0.092660 0.664783 2.956449
v -0.105360 0.714880 2.956492
v -0.105360 0.664783 2.956449
v -0.111709 0.715700 2.945525
v -0.111709 0.664783 2.945451
v -0.105360 0.716520 2.934557
v -0.105360 0.664783 2.934453
v -0.092660 0.716520 2.934557
v -0.092660 0.664783 2.934453
v -0.086310 0.732832 2.953608
v -0.092660 0.724888 2.961215
v -0.105360 0.724888 2.961215
v -0.111709 0.732832 2.953608
v -0.105360 0.740776 2.946002
v -0.092660 0.740776 2.946002
v -0.086310 0.740165 2.971076
v -0.092660 0.729172 2.971418
v -0.105360 0.729172 2.971418
v -0.111709 0.740165 2.971076
v -0.105360 0.751158 2.970733
v -0.092660 0.751158 2.970733
v 0.913915 0.731370 -0.095538
v 0.913915 0.758234 -0.111048
v 0.913914 0.758234 -0.142068
v 0.913914 0.731370 -0.157577
v 0.913914 0.704506 -0.142068
v 0.913915 0.704506 -0.111048
v -0.888206 0.731370 -0.095539
v -0.888206 0.758234 -0.111049
v -0.888206 0.758234 -0.142069
v -0.888206 0.731370 -0.157578
v -0.888206 0.704506 -0.142069
v -0.888206 0.704506 -0.111049
v 0.759135 0.596326 -0.261248
v 0.759135 0.596326 0.008132
v 0.759135 0.841837 -0.261248
v 0.759135 0.841837 0.008132
v -0.734502 0.596326 -0.261248
v -0.734502 0.596326 0.008132
v -0.734502 0.841837 -0.261248
v -0.734502 0.841837 0.008131
v 0.427928 0.862400 0.035954
v 0.537550 0.862400 0.035954
v 0.537550 0.862398 -0.285298
v 0.427929 0.862398 -0.285298
v 0.537550 0.840326 0.010146
v 0.537550 0.840324 -0.259486
v 0.427928 0.840326 0.010146
v 0.427929 0.840324 -0.259486
v 0.427929 0.577475 -0.285336
v 0.537551 0.577475 -0.285336
v 0.537551 0.597442 -0.259727
v 0.427929 0.597442 -0.259727
v 0.427929 0.577474 0.036088
v 0.537551 0.577474 0.036088
v 0.537551 0.597441 0.010481
v 0.427929 0.597441 0.010481
v -0.795290 0.710701 -0.100820
v -0.858064 0.095389 -0.108053
v -0.833643 0.095389 -0.108053
v -0.755055 0.710701 -0.100820
v -0.833643 0.095389 -0.142055
v -0.755055 0.710701 -0.149570
v -0.858064 0.095389 -0.142055
v -0.795290 0.710701 -0.149570
v -0.795290 0.704585 -0.128791
v -0.858063 0.712072 -0.758737
v -0.833642 0.712072 -0.758737
v -0.755055 0.704585 -0.128791
v -0.833642 0.746073 -0.758737
v -0.755055 0.753335 -0.128791
v -0.858063 0.746073 -0.758737
v -0.795290 0.753335 -0.128791
v -0.752197 0.732045 -0.005637
v -0.835071 0.732045 -0.005637
v -0.835071 0.648464 -0.040258
v -0.752197 0.648464 -0.040258
v -0.835071 0.613844 -0.123838
v -0.752197 0.613844 -0.123838
v -0.835071 0.648464 -0.207419
v -0.752197 0.648464 -0.207419
v -0.835071 0.732045 -0.242039
v -0.752197 0.732045 -0.242039
v -0.835071 0.815626 -0.207419
v -0.752197 0.815625 -0.207419
v -0.835071 0.850246 -0.123838
v -0.752197 0.850246 -0.123838
v -0.835071 0.815625 -0.040258
v -0.752197 0.815625 -0.040258
v -0.855109 0.732045 -0.042975
v -0.855109 0.789224 -0.066659
v -0.855109 0.812909 -0.123838
v -0.855109 0.789224 -0.181018
v -0.855109 0.732045 -0.204702
v -0.855109 0.674866 -0.181017
v -0.855109 0.651181 -0.123838
v -0.855109 0.674865 -0.066659
v -0.858064 0.712072 0.519962
v -0.795290 0.704585 -0.105350
v -0.755055 0.704585 -0.105350
v -0.833643 0.712072 0.519962
v -0.755055 0.753335 -0.105350
v -0.833643 0.746073 0.519962
v -0.795290 0.753335 -0.105350
v -0.858064 0.746073 0.519962
v -0.858063 1.361030 -0.108053
v -0.795290 0.744745 -0.100821
v -0.755055 0.744745 -0.100821
v -0.833643 1.361030 -0.108053
v -0.755055 0.744745 -0.149570
v -0.833643 1.361030 -0.142055
v -0.795290 0.744745 -0.149570
v -0.858063 1.361030 -0.142055
v -0.795290 0.699350 -0.116904
v -0.858063 0.170664 -0.429746
v -0.833642 0.170664 -0.429746
v -0.755055 0.699350 -0.116904
v -0.833642 0.187665 -0.459192
v -0.755054 0.723725 -0.159123
v -0.858063 0.187665 -0.459192
v -0.795290 0.723725 -0.159123
v -0.858063 1.276298 0.210890
v -0.795290 0.742536 -0.088677
v -0.755055 0.742536 -0.088677
v -0.833643 1.276298 0.210890
v -0.755055 0.766911 -0.130896
v -0.833643 1.293299 0.181444
v -0.795290 0.766911 -0.130896
v -0.858063 1.293299 0.181444
v -0.858064 0.373602 0.451364
v -0.795290 0.700347 -0.120536
v -0.755055 0.700347 -0.120536
v -0.833643 0.373602 0.451364
v -0.755055 0.742565 -0.096161
v -0.833643 0.403048 0.468365
v -0.795290 0.742565 -0.096161
v -0.858064 0.403048 0.468365
v -0.795290 0.711246 -0.148468
v -0.858063 1.032305 -0.687900
v -0.833642 1.032305 -0.687900
v -0.755055 0.711246 -0.148469
v -0.833642 1.061751 -0.670899
v -0.755055 0.753465 -0.124093
v -0.858063 1.061751 -0.670899
v -0.795290 0.753465 -0.124093
v -0.858063 0.169600 0.175459
v -0.795290 0.710523 -0.146808
v -0.755055 0.710523 -0.146808
v -0.833643 0.169600 0.175459
v -0.755055 0.734898 -0.104590
v -0.833643 0.186601 0.204905
v -0.795290 0.734898 -0.104590
v -0.858064 0.186601 0.204905
v -0.795289 0.726619 -0.154619
v -0.858063 1.274053 -0.461164
v -0.833642 1.274053 -0.461164
v -0.755055 0.726619 -0.154619
v -0.833642 1.291054 -0.431718
v -0.755055 0.750993 -0.112400
v -0.858063 1.291054 -0.431718
v -0.795289 0.750993 -0.112400
v -0.858063 1.029790 0.428892
v -0.795289 0.714971 -0.101983
v -0.755055 0.714971 -0.101983
v -0.833642 1.029790 0.428892
v -0.755054 0.757190 -0.126358
v -0.833642 1.059236 0.411892
v -0.795289 0.757190 -0.126358
v -0.858063 1.059236 0.411892
v -0.795289 0.696800 -0.130162
v -0.858063 0.396168 -0.666275
v -0.833642 0.396168 -0.666275
v -0.755054 0.696800 -0.130162
v -0.833642 0.425614 -0.683276
v -0.755054 0.739018 -0.154537
v -0.858063 0.425614 -0.683276
v -0.795289 0.739018 -0.154537
v -0.878122 0.102617 -0.125900
v -0.878122 0.136802 0.078960
v -0.808928 0.136802 0.078960
v -0.808928 0.102617 -0.125900
v -0.811123 0.035330 0.113795
v -0.811123 -0.004668 -0.125900
v -0.875928 0.035330 0.113795
v -0.875928 -0.004668 -0.125900
v -0.878122 0.235653 0.261621
v -0.808929 0.235653 0.261622
v -0.811123 0.150991 0.327517
v -0.875928 0.150991 0.327517
v -0.878122 0.388458 0.402288
v -0.808928 0.388458 0.402288
v -0.811123 0.329779 0.492103
v -0.875929 0.329779 0.492103
v -0.878123 0.578658 0.485718
v -0.808928 0.578658 0.485718
v -0.811123 0.552321 0.589719
v -0.875929 0.552321 0.589719
v -0.878123 0.785642 0.502869
v -0.808928 0.785642 0.502869
v -0.811123 0.794501 0.609787
v -0.875929 0.794501 0.609787
v -0.878123 0.986980 0.451884
v -0.808928 0.986980 0.451884
v -0.811123 1.030075 0.550132
v -0.875929 1.030075 0.550132
v -0.878122 1.160854 0.338286
v -0.808928 1.160854 0.338286
v -0.811123 1.233515 0.417218
v -0.875928 1.233515 0.417218
v -0.878122 1.288422 0.174387
v -0.808928 1.288422 0.174387
v -0.811123 1.382776 0.225449
v -0.875928 1.382776 0.225449
v -0.878122 1.355860 -0.022053
v -0.808928 1.355860 -0.022053
v -0.811123 1.461681 -0.004394
v -0.875928 1.461681 -0.004394
v -0.878122 1.355860 -0.229746
v -0.808928 1.355860 -0.229747
v -0.811122 1.461681 -0.247405
v -0.875928 1.461681 -0.247405
v -0.878122 1.288422 -0.426187
v -0.808928 1.288422 -0.426187
v -0.811123 1.382776 -0.477248
v -0.875928 1.382776 -0.477248
v -0.878122 1.160854 -0.590086
v -0.808928 1.160854 -0.590086
v -0.811122 1.233516 -0.669018
v -0.875928 1.233516 -0.669018
v -0.878122 0.986980 -0.703684
v -0.808928 0.986980 -0.703684
v -0.811122 1.030076 -0.801932
v -0.875927 1.030076 -0.801932
v -0.878122 0.785642 -0.754669
v -0.808928 0.785642 -0.754669
v -0.811122 0.794502 -0.861587
v -0.875927 0.794502 -0.861587
v -0.878122 0.578658 -0.737519
v -0.808928 0.578658 -0.737519
v -0.811122 0.552321 -0.841519
v -0.875927 0.552321 -0.841519
v -0.878122 0.388458 -0.654089
v -0.808928 0.388458 -0.654089
v -0.811122 0.329779 -0.743903
v -0.875928 0.329779 -0.743904
v -0.878122 0.235653 -0.513422
v -0.808928 0.235653 -0.513422
v -0.811122 0.150991 -0.579318
v -0.875928 0.150991 -0.579318
v -0.878122 0.136802 -0.330761
v -0.808928 0.136802 -0.330761
v -0.811123 0.035331 -0.365596
v -0.875928 0.035331 -0.365596
v 0.820438 0.710701 -0.150979
v 0.883211 0.095390 -0.143746
v 0.858791 0.095390 -0.143746
v 0.780203 0.710701 -0.150979
v 0.858791 0.095390 -0.109744
v 0.780203 0.710701 -0.102229
v 0.883211 0.095390 -0.109744
v 0.820438 0.710701 -0.102229
v 0.820439 0.704585 -0.123008
v 0.883211 0.712072 0.506938
v 0.858791 0.712072 0.506938
v 0.780203 0.704585 -0.123008
v 0.858791 0.746073 0.506938
v 0.780203 0.753335 -0.123008
v 0.883211 0.746073 0.506938
v 0.820439 0.753335 -0.123008
v 0.777345 0.732045 -0.246162
v 0.860219 0.732045 -0.246162
v 0.860219 0.648464 -0.211542
v 0.777345 0.648464 -0.211542
v 0.860219 0.613844 -0.127961
v 0.777345 0.613844 -0.127961
v 0.860219 0.648464 -0.044380
v 0.777345 0.648464 -0.044380
v 0.860219 0.732045 -0.009760
v 0.777345 0.732045 -0.009760
v 0.860219 0.815626 -0.044380
v 0.777345 0.815626 -0.044380
v 0.860219 0.850246 -0.127961
v 0.777345 0.850246 -0.127961
v 0.860219 0.815626 -0.211542
v 0.777345 0.815626 -0.211542
v 0.880257 0.732045 -0.208825
v 0.880257 0.789224 -0.185140
v 0.880257 0.812909 -0.127961
v 0.880257 0.789224 -0.070781
v 0.880257 0.732045 -0.047097
v 0.880257 0.674866 -0.070782
v 0.880257 0.651181 -0.127961
v 0.880257 0.674866 -0.185140
v 0.883212 0.712072 -0.771762
v 0.820439 0.704585 -0.146449
v 0.780203 0.704585 -0.146449
v 0.858791 0.712072 -0.771762
v 0.780203 0.753335 -0.146449
v 0.858791 0.746074 -0.771762
v 0.820439 0.753335 -0.146449
v 0.883212 0.746074 -0.771762
v 0.883211 1.361030 -0.143746
v 0.820438 0.744745 -0.150978
v 0.780203 0.744745 -0.150979
v 0.858790 1.361030 -0.143746
v 0.780203 0.744745 -0.102229
v 0.858790 1.361030 -0.109744
v 0.820438 0.744745 -0.102229
v 0.883211 1.361030 -0.109744
v 0.820438 0.699350 -0.134895
v 0.883211 0.170664 0.177946
v 0.858790 0.170664 0.177946
v 0.780203 0.699350 -0.134895
v 0.858790 0.187665 0.207392
v 0.780203 0.723725 -0.092677
v 0.883211 0.187665 0.207392
v 0.820438 0.723725 -0.092677
v 0.883211 1.276298 -0.462689
v 0.820438 0.742536 -0.163122
v 0.780203 0.742536 -0.163122
v 0.858791 1.276298 -0.462689
v 0.780203 0.766911 -0.120904
v 0.858791 1.293299 -0.433243
v 0.820438 0.766911 -0.120904
v 0.883211 1.293299 -0.433243
v 0.883212 0.373602 -0.703163
v 0.820438 0.700347 -0.131264
v 0.780203 0.700347 -0.131264
v 0.858791 0.373602 -0.703163
v 0.780203 0.742565 -0.155638
v 0.858791 0.403048 -0.720165
v 0.820438 0.742565 -0.155638
v 0.883212 0.403048 -0.720165
v 0.820438 0.711246 -0.103331
v 0.883211 1.032305 0.436101
v 0.858791 1.032305 0.436101
v 0.780203 0.711246 -0.103331
v 0.858790 1.061751 0.419100
v 0.780203 0.753465 -0.127706
v 0.883211 1.061751 0.419100
v 0.820438 0.753465 -0.127706
v 0.883212 0.169600 -0.427258
v 0.820438 0.710523 -0.104991
v 0.780203 0.710523 -0.104991
v 0.858791 0.169600 -0.427258
v 0.780203 0.734898 -0.147210
v 0.858791 0.186601 -0.456705
v 0.820438 0.734898 -0.147210
v 0.883212 0.186601 -0.456705
v 0.820437 0.726619 -0.097180
v 0.883211 1.274053 0.209364
v 0.858790 1.274053 0.209364
v 0.780203 0.726619 -0.097180
v 0.858790 1.291054 0.179918
v 0.780203 0.750993 -0.139399
v 0.883211 1.291054 0.179918
v 0.820437 0.750993 -0.139399
v 0.883211 1.029790 -0.680692
v 0.820437 0.714971 -0.149816
v 0.780203 0.714971 -0.149816
v 0.858790 1.029790 -0.680692
v 0.780202 0.757190 -0.125441
v 0.858790 1.059236 -0.663691
v 0.820437 0.757190 -0.125441
v 0.883211 1.059236 -0.663691
v 0.820437 0.696800 -0.121637
v 0.883211 0.396168 0.414476
v 0.858790 0.396168 0.414476
v 0.780202 0.696800 -0.121637
v 0.858790 0.425614 0.431476
v 0.780202 0.739019 -0.097262
v 0.883211 0.425614 0.431476
v 0.820437 0.739019 -0.097262
v 0.903270 0.102617 -0.125899
v 0.903270 0.136802 -0.330760
v 0.834077 0.136802 -0.330760
v 0.834076 0.102617 -0.125899
v 0.836271 0.035330 -0.365595
v 0.836271 -0.004667 -0.125899
v 0.901076 0.035330 -0.365595
v 0.901076 -0.004667 -0.125899
v 0.903270 0.235653 -0.513421
v 0.834077 0.235653 -0.513421
v 0.836271 0.150991 -0.579316
v 0.901076 0.150991 -0.579316
v 0.903271 0.388458 -0.654088
v 0.834077 0.388458 -0.654088
v 0.836271 0.329779 -0.743903
v 0.901077 0.329779 -0.743903
v 0.903271 0.578658 -0.737518
v 0.834077 0.578658 -0.737518
v 0.836271 0.552321 -0.841519
v 0.901077 0.552321 -0.841519
v 0.903271 0.785642 -0.754669
v 0.834077 0.785642 -0.754669
v 0.836271 0.794502 -0.861586
v 0.901077 0.794502 -0.861586
v 0.903271 0.986980 -0.703683
v 0.834077 0.986980 -0.703683
v 0.836271 1.030076 -0.801931
v 0.901077 1.030076 -0.801931
v 0.903270 1.160854 -0.590086
v 0.834077 1.160854 -0.590086
v 0.836271 1.233516 -0.669017
v 0.901077 1.233516 -0.669017
v 0.903271 1.288422 -0.426186
v 0.834076 1.288422 -0.426186
v 0.836271 1.382776 -0.477248
v 0.901076 1.382776 -0.477248
v 0.903271 1.355860 -0.229746
v 0.834076 1.355860 -0.229746
v 0.836271 1.461681 -0.247405
v 0.901076 1.461681 -0.247405
v 0.903270 1.355860 -0.022053
v 0.834076 1.355860 -0.022052
v 0.836270 1.461681 -0.004394
v 0.901076 1.461681 -0.004394
v 0.903270 1.288422 0.174388
v 0.834076 1.288422 0.174388
v 0.836271 1.382776 0.225449
v 0.901076 1.382776 0.225449
v 0.903270 1.160854 0.338287
v 0.834076 1.160854 0.338287
v 0.836270 1.233516 0.417218
v 0.901075 1.233516 0.417218
v 0.903270 0.986980 0.451884
v 0.834076 0.986980 0.451884
v 0.836270 1.030076 0.550133
v 0.901075 1.030076 0.550133
v 0.903270 0.785642 0.502870
v 0.834076 0.785642 0.502870
v 0.836271 0.794501 0.609788
v 0.901076 0.794501 0.609788
v 0.903270 0.578658 0.485719
v 0.834076 0.578658 0.485719
v 0.836271 0.552321 0.589720
v 0.901076 0.552321 0.589720
v 0.903270 0.388458 0.402290
v 0.834076 0.388458 0.402290
v 0.836271 0.329779 0.492104
v 0.901076 0.329779 0.492104
v 0.903270 0.235653 0.261622
v 0.834076 0.235653 0.261622
v 0.836270 0.150991 0.327518
v 0.901076 0.150991 0.327518
v 0.903270 0.136802 0.078962
v 0.834077 0.136802 0.078962
v 0.836271 0.035331 0.113797
v 0.901076 0.035331 0.113797
v -0.081852 1.208165 1.930982
v -0.064655 1.261091 1.930982
v -0.019634 1.293802 1.930982
v 0.036016 1.293802 1.930982
v 0.081038 1.261091 1.930982
v 0.098235 1.208165 1.930982
v 0.081038 1.155239 1.930982
v 0.036016 1.122528 1.930982
v -0.019634 1.122528 1.930982
v -0.064655 1.155239 1.930982
v -0.081852 1.208165 1.627087
v -0.064655 1.261091 1.627087
v -0.019633 1.293801 1.627087
v 0.036017 1.293801 1.627087
v 0.081038 1.261091 1.627087
v 0.098235 1.208165 1.627087
v 0.081038 1.155239 1.627087
v 0.036017 1.122528 1.627087
v -0.019633 1.122528 1.627087
v -0.064655 1.155239 1.627087
v -0.041227 1.244070 1.975488
v -0.052893 1.208165 1.975488
v -0.041227 1.172260 1.975488
v -0.010685 1.150070 1.975488
v 0.027068 1.150070 1.975488
v 0.057610 1.172260 1.975488
v 0.069276 1.208165 1.975488
v 0.057610 1.244070 1.975488
v 0.027068 1.266260 1.975488
v -0.010685 1.266260 1.975488
v -0.041227 1.244070 2.059614
v -0.052894 1.208165 2.059614
v -0.041227 1.172260 2.059614
v -0.010685 1.150070 2.059614
v 0.027068 1.150070 2.059614
v 0.057610 1.172260 2.059614
v 0.069276 1.208165 2.059614
v 0.057610 1.244070 2.059614
v 0.027068 1.266260 2.059614
v -0.010685 1.266260 2.059614
v -0.052954 1.252589 2.086700
v -0.067388 1.208165 2.086699
v -0.052954 1.163741 2.086700
v -0.015164 1.136285 2.086700
v 0.031547 1.136285 2.086700
v 0.069336 1.163741 2.086700
v 0.083771 1.208165 2.086700
v 0.069336 1.252589 2.086700
v 0.031547 1.280045 2.086700
v -0.015164 1.280045 2.086700
v -0.052954 1.252589 2.126096
v -0.067388 1.208165 2.126096
v -0.052954 1.163741 2.126096
v -0.015164 1.136285 2.126096
v 0.031547 1.136285 2.126096
v 0.069336 1.163741 2.126096
v 0.083771 1.208165 2.126096
v 0.069336 1.252589 2.126096
v 0.031547 1.280045 2.126096
v -0.015164 1.280045 2.126096
v -0.037707 1.241512 2.156666
v -0.048541 1.208165 2.156666
v -0.037707 1.174818 2.156666
v -0.009340 1.154209 2.156666
v 0.025723 1.154209 2.156666
v 0.054089 1.174818 2.156666
v 0.064924 1.208165 2.156666
v 0.054089 1.241512 2.156666
v 0.025723 1.262121 2.156666
v -0.009340 1.262121 2.156666
v -0.308393 1.298063 0.778711
v -0.316524 1.298063 0.761827
v -0.334793 1.298063 0.757657
v -0.349444 1.298063 0.769341
v -0.349444 1.298063 0.788080
v -0.334793 1.298063 0.799764
v -0.316524 1.298063 0.795594
v -0.308393 1.339284 0.778711
v -0.316524 1.339284 0.761827
v -0.334793 1.339284 0.757657
v -0.349444 1.339284 0.769341
v -0.349444 1.339284 0.788080
v -0.334793 1.339284 0.799764
v -0.316524 1.339284 0.795594
v -0.283749 1.359949 0.778711
v -0.301158 1.359949 0.742559
v -0.340277 1.359949 0.733631
v -0.371648 1.359949 0.758648
v -0.371648 1.359949 0.798773
v -0.340277 1.359949 0.823791
v -0.301158 1.359949 0.814862
v -0.280617 1.387757 0.778711
v -0.299206 1.387757 0.740111
v -0.340974 1.387757 0.730578
v -0.374470 1.387757 0.757289
v -0.374470 1.387757 0.800132
v -0.340974 1.387757 0.826844
v -0.299206 1.387757 0.817310
v -0.292241 1.409012 0.778711
v -0.306453 1.409012 0.749199
v -0.338387 1.409012 0.741910
v -0.363997 1.409012 0.762333
v -0.363997 1.409012 0.795089
v -0.338388 1.409012 0.815511
v -0.306453 1.409012 0.808223
v -0.315768 1.418889 0.778711
v -0.321122 1.418889 0.767593
v -0.333152 1.418889 0.764847
v -0.342800 1.418889 0.772541
v -0.342800 1.418889 0.784881
v -0.333152 1.418889 0.792575
v -0.321122 1.418889 0.789829
v -0.308392 1.298063 -0.128600
v -0.316523 1.298063 -0.145484
v -0.316523 1.339284 -0.145484
v -0.308392 1.339284 -0.128600
v -0.334793 1.298063 -0.149654
v -0.334793 1.339284 -0.149654
v -0.349444 1.298063 -0.137970
v -0.349444 1.339284 -0.137970
v -0.349444 1.298063 -0.119231
v -0.349444 1.339284 -0.119231
v -0.334793 1.298063 -0.107547
v -0.334793 1.339284 -0.107547
v -0.316523 1.298063 -0.111717
v -0.316523 1.339284 -0.111717
v -0.315767 1.418889 -0.128600
v -0.321121 1.418889 -0.139718
v -0.333152 1.418889 -0.142464
v -0.342800 1.418889 -0.134770
v -0.342800 1.418889 -0.122430
v -0.333152 1.418889 -0.114736
v -0.321121 1.418889 -0.117482
v -0.301158 1.359949 -0.164752
v -0.283748 1.359949 -0.128600
v -0.340277 1.359949 -0.173680
v -0.371648 1.359949 -0.148663
v -0.371648 1.359949 -0.108538
v -0.340277 1.359949 -0.083520
v -0.301158 1.359949 -0.092449
v -0.299205 1.387757 -0.167200
v -0.280617 1.387757 -0.128600
v -0.340974 1.387757 -0.176733
v -0.374469 1.387757 -0.150022
v -0.374469 1.387757 -0.107179
v -0.340974 1.387757 -0.080467
v -0.299205 1.387757 -0.090001
v -0.306453 1.409012 -0.158112
v -0.292241 1.409012 -0.128600
v -0.338387 1.409012 -0.165401
v -0.363996 1.409012 -0.144978
v -0.363996 1.409012 -0.112222
v -0.338387 1.409012 -0.091800
v -0.306453 1.409012 -0.099088
v 0.323934 1.298063 0.762169
v 0.316227 1.298063 0.779250
v 0.316227 1.339284 0.779250
v 0.323934 1.339284 0.762169
v 0.324776 1.298063 0.795926
v 0.324776 1.339284 0.795926
v 0.343144 1.298063 0.799639
v 0.343144 1.339284 0.799639
v 0.357499 1.298063 0.787593
v 0.357499 1.339284 0.787593
v 0.357032 1.298063 0.768860
v 0.357032 1.339284 0.768860
v 0.342094 1.298063 0.757545
v 0.342094 1.339284 0.757545
v 0.328674 1.418889 0.767818
v 0.323599 1.418889 0.779066
v 0.329229 1.418889 0.790047
v 0.341324 1.418889 0.792492
v 0.350777 1.418889 0.784560
v 0.350469 1.418889 0.772224
v 0.340633 1.418889 0.764773
v 0.291590 1.359949 0.779864
v 0.308093 1.359949 0.743290
v 0.309896 1.359949 0.815570
v 0.349225 1.359949 0.823521
v 0.379962 1.359949 0.797729
v 0.378962 1.359949 0.757617
v 0.346977 1.359949 0.733389
v 0.288459 1.387757 0.779943
v 0.306080 1.387757 0.740891
v 0.308005 1.387757 0.818067
v 0.349998 1.387757 0.826556
v 0.382817 1.387757 0.799017
v 0.381749 1.387757 0.756188
v 0.347598 1.387757 0.730320
v 0.300080 1.409012 0.779653
v 0.313552 1.409012 0.749796
v 0.315023 1.409012 0.808801
v 0.347129 1.409012 0.815291
v 0.372222 1.409012 0.794236
v 0.371405 1.409012 0.761491
v 0.345294 1.409012 0.741713
v 0.322546 1.298063 -0.143870
v 0.316356 1.298063 -0.126182
v 0.316356 1.339284 -0.126182
v 0.322546 1.339284 -0.143870
v 0.326326 1.298063 -0.110315
v 0.326326 1.339284 -0.110315
v 0.344948 1.298063 -0.108217
v 0.344948 1.339284 -0.108217
v 0.358199 1.298063 -0.121467
v 0.358199 1.339284 -0.121467
v 0.356101 1.298063 -0.140089
v 0.356101 1.339284 -0.140089
v 0.340234 1.298063 -0.150059
v 0.340234 1.339284 -0.150059
v 0.327760 1.418889 -0.138655
v 0.323685 1.418889 -0.127008
v 0.330250 1.418889 -0.116559
v 0.342512 1.418889 -0.115177
v 0.351238 1.418889 -0.123903
v 0.349856 1.418889 -0.136166
v 0.339408 1.418889 -0.142731
v 0.291867 1.359949 -0.123423
v 0.305120 1.359949 -0.161296
v 0.313215 1.359949 -0.089448
v 0.353088 1.359949 -0.084955
v 0.381460 1.359949 -0.113328
v 0.376968 1.359949 -0.153201
v 0.342993 1.359949 -0.174548
v 0.288755 1.387757 -0.123072
v 0.302905 1.387757 -0.163510
v 0.311549 1.387757 -0.086796
v 0.354122 1.387757 -0.082000
v 0.384416 1.387757 -0.112294
v 0.379619 1.387757 -0.154867
v 0.343343 1.387757 -0.177660
v 0.300306 1.409012 -0.124374
v 0.311124 1.409012 -0.155291
v 0.317733 1.409012 -0.096639
v 0.350283 1.409012 -0.092971
v 0.373444 1.409012 -0.116133
v 0.369777 1.409012 -0.148682
v 0.342042 1.409012 -0.166110
v 0.150159 0.962270 1.286827
v 0.008192 0.924230 1.286827
v -0.133776 0.962270 1.286827
v -0.237703 1.066198 1.286827
v -0.275743 1.208165 1.286827
v -0.237703 1.350132 1.286827
v -0.133776 1.454059 1.286827
v 0.008192 1.492099 1.286827
v 0.150159 1.454059 1.286827
v 0.254086 1.350132 1.286827
v 0.292126 1.208165 1.286827
v 0.254086 1.066198 1.286827
v 0.122373 1.010400 -2.345652
v 0.008193 0.979805 -2.345651
v -0.105987 1.010400 -2.345651
v -0.189572 1.093985 -2.345651
v -0.220167 1.208165 -2.345651
v -0.189572 1.322345 -2.345651
v -0.105987 1.405931 -2.345651
v 0.008193 1.436525 -2.345651
v 0.122373 1.405931 -2.345651
v 0.205959 1.322345 -2.345652
v 0.236553 1.208165 -2.345652
v 0.205959 1.093985 -2.345652
v 0.008191 0.963815 1.414547
v 0.130366 0.996552 1.414547
v 0.219804 1.085990 1.414547
v 0.252541 1.208165 1.414547
v 0.219804 1.330340 1.414547
v 0.130366 1.419778 1.414547
v 0.008191 1.452514 1.414547
v -0.113983 1.419778 1.414547
v -0.203421 1.330340 1.414547
v -0.236158 1.208165 1.414547
v -0.203421 1.085990 1.414547
v -0.113983 0.996552 1.414547
v 0.008191 1.031165 1.489553
v 0.096691 1.054878 1.489553
v 0.161478 1.119665 1.489553
v 0.185191 1.208165 1.489554
v 0.161478 1.296665 1.489554
v 0.096691 1.361451 1.489554
v 0.008191 1.385165 1.489553
v -0.080309 1.361451 1.489553
v -0.145095 1.296665 1.489553
v -0.168809 1.208165 1.489553
v -0.145095 1.119665 1.489553
v -0.080309 1.054878 1.489553
v 0.008191 0.925170 1.235192
v 0.149689 0.963084 1.235192
v -0.133306 0.963084 1.235192
v -0.236889 1.066668 1.235192
v -0.274803 1.208165 1.235192
v -0.236889 1.349662 1.235192
v -0.133306 1.453245 1.235192
v 0.008192 1.491159 1.235192
v 0.149689 1.453245 1.235192
v 0.253272 1.349662 1.235192
v 0.291186 1.208165 1.235192
v 0.253272 1.066668 1.235192
v 0.159927 0.945350 1.273427
v 0.008192 0.904693 1.273427
v -0.143544 0.945351 1.273427
v -0.254623 1.056429 1.273427
v -0.295280 1.208165 1.273427
v -0.254623 1.359901 1.273427
v -0.143544 1.470979 1.273428
v 0.008192 1.511637 1.273428
v 0.159927 1.470979 1.273428
v 0.271006 1.359901 1.273428
v 0.311663 1.208165 1.273428
v 0.271006 1.056429 1.273428
v 0.008192 0.905190 1.247872
v 0.159679 0.945781 1.247872
v 0.270575 1.056678 1.247872
v 0.311166 1.208165 1.247872
v 0.270575 1.359652 1.247872
v 0.159679 1.470549 1.247872
v 0.008191 1.511139 1.247872
v -0.143296 1.470549 1.247872
v -0.254192 1.359652 1.247872
v -0.294783 1.208165 1.247872
v -0.254192 1.056678 1.247872
v -0.143296 0.945781 1.247872
v 0.008191 1.101680 1.526040
v 0.061434 1.115946 1.526040
v 0.100410 1.154922 1.526040
v 0.114676 1.208165 1.526040
v 0.100410 1.261407 1.526040
v 0.061434 1.300383 1.526040
v 0.008191 1.314649 1.526040
v -0.045051 1.300383 1.526040
v -0.084027 1.261407 1.526040
v -0.098293 1.208165 1.526040
v -0.084027 1.154922 1.526040
v -0.045051 1.115946 1.526040
v 0.138629 0.982244 -2.390417
v 0.008193 0.947293 -2.390417
v -0.122243 0.982244 -2.390417
v -0.217728 1.077729 -2.390417
v -0.252678 1.208165 -2.390417
v -0.217728 1.338601 -2.390417
v -0.122243 1.434086 -2.390417
v 0.008193 1.469037 -2.390417
v 0.138629 1.434087 -2.390417
v 0.234115 1.338601 -2.390417
v 0.269065 1.208165 -2.390417
v 0.234115 1.077730 -2.390417
v 0.138629 0.982244 -2.421026
v 0.008193 0.947293 -2.421026
v -0.122243 0.982244 -2.421025
v -0.217728 1.077729 -2.421025
v -0.252678 1.208165 -2.421025
v -0.217728 1.338601 -2.421025
v -0.122243 1.434086 -2.421025
v 0.008193 1.469037 -2.421025
v 0.138629 1.434087 -2.421026
v 0.234115 1.338601 -2.421026
v 0.269065 1.208165 -2.421026
v 0.234115 1.077730 -2.421026
v 0.122819 1.009628 -2.443404
v 0.008193 0.978914 -2.443404
v -0.106432 1.009628 -2.443404
v -0.190344 1.093540 -2.443404
v -0.221058 1.208165 -2.443404
v -0.190344 1.322791 -2.443404
v -0.106432 1.406703 -2.443404
v 0.008193 1.437416 -2.443404
v 0.122819 1.406703 -2.443404
v 0.206730 1.322791 -2.443404
v 0.237444 1.208165 -2.443404
v 0.206731 1.093540 -2.443404
v 0.119586 1.015228 -2.465045
v 0.008193 0.985380 -2.465045
v -0.103199 1.015228 -2.465045
v -0.184744 1.096773 -2.465045
v -0.214592 1.208165 -2.465045
v -0.184744 1.319558 -2.465045
v -0.103199 1.401102 -2.465045
v 0.008193 1.430950 -2.465045
v 0.119585 1.401103 -2.465045
v 0.201130 1.319558 -2.465045
v 0.230978 1.208165 -2.465045
v 0.201131 1.096773 -2.465045
v 0.107141 1.036783 -2.471249
v 0.008193 1.010270 -2.471249
v -0.090754 1.036783 -2.471249
v -0.163189 1.109218 -2.471249
v -0.189702 1.208165 -2.471249
v -0.163189 1.307113 -2.471249
v -0.090754 1.379547 -2.471249
v 0.008193 1.406060 -2.471248
v 0.107140 1.379547 -2.471249
v 0.179575 1.307113 -2.471249
v 0.206088 1.208165 -2.471249
v 0.179575 1.109218 -2.471249
v 0.105301 1.039969 -2.483268
v 0.008193 1.013949 -2.483268
v -0.088915 1.039969 -2.483268
v -0.160003 1.111057 -2.483268
v -0.186023 1.208165 -2.483268
v -0.160003 1.305273 -2.483268
v -0.088915 1.376361 -2.483268
v 0.008193 1.402381 -2.483267
v 0.105301 1.376361 -2.483268
v 0.176389 1.305273 -2.483268
v 0.202409 1.208165 -2.483268
v 0.176389 1.111057 -2.483268
v 0.101451 1.046638 -2.488827
v 0.008193 1.021650 -2.488826
v -0.085064 1.046638 -2.488826
v -0.153334 1.114908 -2.488826
v -0.178322 1.208165 -2.488826
v -0.153334 1.301423 -2.488826
v -0.085064 1.369692 -2.488826
v 0.008193 1.394680 -2.488826
v 0.101451 1.369692 -2.488826
v 0.169720 1.301423 -2.488827
v 0.194708 1.208165 -2.488827
v 0.169720 1.114908 -2.488827
v 0.148869 0.964504 1.144324
v 0.008192 0.926810 1.144324
v -0.132486 0.964504 1.144324
v -0.235469 1.067487 1.144324
v -0.273163 1.208165 1.144324
v -0.235469 1.348842 1.144324
v -0.132486 1.451825 1.144324
v 0.008192 1.489520 1.144324
v 0.148869 1.451825 1.144324
v 0.251852 1.348843 1.144324
v 0.289547 1.208165 1.144324
v 0.251852 1.067487 1.144324
v 0.145908 0.969632 0.919523
v 0.008192 0.932731 0.919523
v -0.129525 0.969632 0.919523
v -0.230341 1.070448 0.919523
v -0.267242 1.208165 0.919523
v -0.230341 1.345882 0.919523
v -0.129525 1.446697 0.919523
v 0.008192 1.483598 0.919523
v 0.145909 1.446697 0.919524
v 0.246724 1.345882 0.919523
v 0.283626 1.208165 0.919523
v 0.246725 1.070448 0.919523
v 0.160135 0.944991 1.117499
v 0.008191 0.904278 1.117498
v -0.143752 0.944991 1.117498
v -0.254982 1.056222 1.117498
v -0.295695 1.208165 1.117498
v -0.254982 1.360108 1.117498
v -0.143752 1.471338 1.117498
v 0.008192 1.512051 1.117498
v 0.160135 1.471338 1.117499
v 0.271365 1.360108 1.117499
v 0.312078 1.208165 1.117499
v 0.271365 1.056222 1.117499
v 0.008192 0.910067 0.945285
v 0.157240 0.950005 0.945285
v 0.266352 1.059116 0.945285
v 0.306289 1.208165 0.945285
v 0.266352 1.357214 0.945285
v 0.157240 1.466325 0.945285
v 0.008192 1.506262 0.945285
v -0.140857 1.466325 0.945285
v -0.249968 1.357213 0.945285
v -0.289906 1.208165 0.945285
v -0.249968 1.059116 0.945285
v -0.140857 0.950005 0.945285
v 0.144490 0.972090 0.826752
v 0.008192 0.935569 0.826752
v -0.128106 0.972090 0.826752
v -0.227883 1.071867 0.826752
v -0.264404 1.208165 0.826752
v -0.227883 1.344463 0.826752
v -0.128106 1.444240 0.826752
v 0.008192 1.480761 0.826752
v 0.144490 1.444240 0.826752
v 0.244267 1.344463 0.826752
v 0.280788 1.208165 0.826752
v 0.244267 1.071867 0.826752
v 0.143020 0.974635 0.580928
v 0.008192 0.938508 0.580928
v -0.126637 0.974635 0.580928
v -0.225338 1.073337 0.580927
v -0.261465 1.208165 0.580927
v -0.225338 1.342993 0.580927
v -0.126636 1.441694 0.580927
v 0.008192 1.477821 0.580927
v 0.143020 1.441694 0.580927
v 0.241721 1.342993 0.580928
v 0.277848 1.208165 0.580928
v 0.241721 1.073337 0.580928
v 0.152084 0.958936 0.799957
v 0.008192 0.920380 0.799957
v -0.135701 0.958936 0.799957
v -0.241037 1.064273 0.799957
v -0.279593 1.208165 0.799957
v -0.241037 1.352057 0.799957
v -0.135701 1.457394 0.799957
v 0.008192 1.495950 0.799957
v 0.152084 1.457394 0.799958
v 0.257421 1.352057 0.799958
v 0.295977 1.208165 0.799958
v 0.257421 1.064273 0.799958
v 0.008192 0.923159 0.606805
v 0.150695 0.961342 0.606805
v 0.255014 1.065662 0.606805
v 0.293198 1.208165 0.606805
v 0.255014 1.350668 0.606805
v 0.150695 1.454987 0.606805
v 0.008192 1.493171 0.606805
v -0.134311 1.454987 0.606805
v -0.238630 1.350668 0.606805
v -0.276814 1.208165 0.606805
v -0.238631 1.065662 0.606805
v -0.134311 0.961342 0.606805
v 0.142283 0.975912 0.476468
v 0.008192 0.939982 0.476468
v -0.125899 0.975912 0.476468
v -0.224061 1.074074 0.476468
v -0.259991 1.208165 0.476468
v -0.224061 1.342256 0.476468
v -0.125899 1.440418 0.476468
v 0.008192 1.476347 0.476468
v 0.142283 1.440418 0.476468
v 0.240445 1.342256 0.476468
v 0.276374 1.208165 0.476468
v 0.240445 1.074074 0.476468
v 0.141071 0.978011 0.304649
v 0.008192 0.942407 0.304649
v -0.124687 0.978012 0.304649
v -0.221961 1.075286 0.304649
v -0.257566 1.208165 0.304649
v -0.221961 1.341044 0.304649
v -0.124687 1.438318 0.304649
v 0.008192 1.473923 0.304649
v 0.141071 1.438318 0.304649
v 0.238345 1.341044 0.304649
v 0.273950 1.208165 0.304649
v 0.238345 1.075286 0.304649
v 0.147410 0.967031 0.449624
v 0.008192 0.929728 0.449624
v -0.131027 0.967031 0.449624
v -0.232942 1.068946 0.449624
v -0.270245 1.208165 0.449624
v -0.232942 1.347383 0.449624
v -0.131027 1.449298 0.449624
v 0.008192 1.486602 0.449624
v 0.147410 1.449298 0.449624
v 0.249325 1.347383 0.449624
v 0.286629 1.208165 0.449624
v 0.249326 1.068947 0.449624
v 0.008192 0.931978 0.330595
v 0.146285 0.968980 0.330595
v 0.247377 1.070072 0.330596
v 0.284379 1.208165 0.330596
v 0.247377 1.346259 0.330596
v 0.146285 1.447350 0.330596
v 0.008192 1.484352 0.330595
v -0.129901 1.447350 0.330595
v -0.230993 1.346258 0.330595
v -0.267995 1.208165 0.330595
v -0.230993 1.070071 0.330595
v -0.129901 0.968980 0.330595
v -0.350794 1.124842 1.420263
v -0.357145 1.124842 1.409265
v -0.357145 1.174939 1.409222
v -0.350794 1.175758 1.420189
v -0.369844 1.124842 1.409265
v -0.369844 1.174939 1.409222
v -0.376194 1.124842 1.420263
v -0.376194 1.175758 1.420189
v -0.369844 1.124842 1.431261
v -0.369844 1.176578 1.431156
v -0.357145 1.124842 1.431261
v -0.357145 1.176578 1.431156
v -0.357145 1.184947 1.404499
v -0.350795 1.192891 1.412106
v -0.369844 1.184947 1.404499
v -0.376194 1.192891 1.412106
v -0.369844 1.200835 1.419712
v -0.357145 1.200835 1.419712
v -0.357145 1.189231 1.394295
v -0.350795 1.200224 1.394638
v -0.369844 1.189231 1.394295
v -0.376194 1.200224 1.394638
v -0.369844 1.211216 1.394981
v -0.357145 1.211216 1.394981
v -0.357144 1.189238 1.316764
v -0.350795 1.200236 1.316764
v -0.369844 1.189238 1.316764
v -0.376194 1.200236 1.316764
v -0.369844 1.211234 1.316764
v -0.357144 1.211234 1.316764
v -0.350794 1.124842 1.204085
v -0.350794 1.175758 1.204159
v -0.357144 1.174938 1.215126
v -0.357144 1.124841 1.215083
v -0.369844 1.174938 1.215126
v -0.369844 1.124841 1.215083
v -0.376194 1.175758 1.204158
v -0.376194 1.124842 1.204085
v -0.369844 1.176578 1.193191
v -0.369844 1.124841 1.193086
v -0.357144 1.176578 1.193191
v -0.357144 1.124841 1.193086
v -0.350795 1.192891 1.212242
v -0.357144 1.184947 1.219848
v -0.369844 1.184947 1.219848
v -0.376194 1.192891 1.212242
v -0.369844 1.200835 1.204636
v -0.357144 1.200835 1.204636
v -0.350794 1.200223 1.229709
v -0.357144 1.189230 1.230052
v -0.369844 1.189230 1.230052
v -0.376194 1.200223 1.229709
v -0.369844 1.211216 1.229366
v -0.357144 1.211216 1.229366
v 0.391520 1.124842 1.420263
v 0.385170 1.124842 1.409265
v 0.385170 1.174939 1.409222
v 0.391520 1.175758 1.420190
v 0.372471 1.124842 1.409265
v 0.372471 1.174939 1.409222
v 0.366121 1.124842 1.420263
v 0.366121 1.175758 1.420190
v 0.372471 1.124842 1.431261
v 0.372471 1.176578 1.431157
v 0.385170 1.124842 1.431261
v 0.385170 1.176578 1.431157
v 0.385170 1.184947 1.404499
v 0.391520 1.192891 1.412106
v 0.372471 1.184947 1.404499
v 0.366121 1.192891 1.412106
v 0.372471 1.200835 1.419712
v 0.385170 1.200835 1.419712
v 0.385170 1.189231 1.394295
v 0.391520 1.200224 1.394638
v 0.372471 1.189231 1.394295
v 0.366121 1.200224 1.394638
v 0.372471 1.211216 1.394981
v 0.385170 1.211216 1.394981
v 0.385170 1.189238 1.316764
v 0.391520 1.200236 1.316764
v 0.372471 1.189238 1.316764
v 0.366121 1.200236 1.316764
v 0.372471 1.211234 1.316764
v 0.385170 1.211234 1.316764
v 0.391520 1.124842 1.204085
v 0.391520 1.175758 1.204159
v 0.385170 1.174938 1.215126
v 0.385170 1.124841 1.215083
v 0.372471 1.174938 1.215126
v 0.372471 1.124841 1.215083
v 0.366121 1.175758 1.204159
v 0.366121 1.124842 1.204085
v 0.372471 1.176578 1.193191
v 0.372471 1.124841 1.193087
v 0.385170 1.176578 1.193191
v 0.385170 1.124841 1.193087
v 0.391520 1.192891 1.212242
v 0.385170 1.184947 1.219849
v 0.372471 1.184947 1.219849
v 0.366121 1.192891 1.212242
v 0.372471 1.200835 1.204636
v 0.385170 1.200835 1.204636
v 0.391520 1.200223 1.229710
v 0.385170 1.189230 1.230052
v 0.372471 1.189230 1.230052
v 0.366121 1.200223 1.229710
v 0.372471 1.211216 1.229366
v 0.385170 1.211216 1.229366
v 0.651075 0.862400 0.035954
v 0.760697 0.862400 0.035954
v 0.760697 0.862398 -0.285298
v 0.651076 0.862398 -0.285298
v 0.760697 0.840326 0.010146
v 0.760697 0.840324 -0.259486
v 0.651076 0.840326 0.010146
v 0.651076 0.840324 -0.259486
v 0.651076 0.577475 -0.285336
v 0.760698 0.577475 -0.285336
v 0.760698 0.597442 -0.259726
v 0.651076 0.597442 -0.259726
v 0.651076 0.577474 0.036088
v 0.760698 0.577474 0.036088
v 0.760698 0.597441 0.010481
v 0.651076 0.597441 0.010481
v -0.521027 0.862400 0.035953
v -0.411405 0.862400 0.035953
v -0.411405 0.862398 -0.285298
v -0.521027 0.862398 -0.285298
v -0.411405 0.840326 0.010146
v -0.411405 0.840324 -0.259487
v -0.521027 0.840326 0.010146
v -0.521027 0.840324 -0.259487
v -0.521027 0.577475 -0.285336
v -0.411405 0.577475 -0.285336
v -0.411405 0.597442 -0.259727
v -0.521027 0.597442 -0.259727
v -0.521027 0.577474 0.036088
v -0.411405 0.577474 0.036088
v -0.411405 0.597441 0.010480
v -0.521027 0.597441 0.010480
v -0.736703 0.862400 0.035953
v -0.627081 0.862400 0.035953
v -0.627081 0.862398 -0.285298
v -0.736703 0.862398 -0.285298
v -0.627081 0.840326 0.010146
v -0.627081 0.840324 -0.259487
v -0.736703 0.840326 0.010146
v -0.736703 0.840324 -0.259487
v -0.736702 0.577475 -0.285336
v -0.627081 0.577475 -0.285336
v -0.627081 0.597442 -0.259727
v -0.736702 0.597442 -0.259727
v -0.736702 0.577474 0.036088
v -0.627081 0.577474 0.036088
v -0.627081 0.597441 0.010480
v -0.736702 0.597441 0.010480
v 0.251910 0.835573 -0.609137
v 0.427106 0.835573 -0.609137
v -0.235751 0.835573 -0.609137
v -0.410947 0.835573 -0.609137
v -0.410948 0.835573 0.881006
v -0.410947 1.026672 -0.609137
v -0.410947 0.835573 -0.609137
v 0.251910 1.026672 -0.609137
v -0.235751 1.026672 -0.609137
v 0.427105 0.835573 0.881007
v 0.427106 0.835573 -0.609137
v 0.427106 1.026672 -0.609137
v 0.427104 0.835573 1.767229
v -0.410948 0.835573 1.767228
v 0.427104 0.835573 1.767229
v -0.410948 0.835573 1.767228
v -0.410948 1.307840 0.881006
v -0.410947 1.307841 -0.414906
v -0.410947 1.278701 -0.479392
v -0.410948 1.126762 1.124742
v -0.410948 1.126762 1.496916
v -0.410948 1.026672 1.527164
v -0.235752 1.026672 1.527164
v -0.410948 1.096514 1.527164
v -0.235752 1.126762 1.124742
v -0.235752 1.126762 1.496916
v -0.235752 1.096514 1.527164
v -0.235752 1.026672 1.527164
v -0.235752 1.026672 1.124742
v -0.235752 1.026672 0.881006
v -0.235752 1.307840 0.881006
v -0.235751 1.307841 -0.414906
v -0.235751 1.026672 -0.609137
v -0.235751 1.278701 -0.479392
v 0.251909 1.307840 0.881006
v 0.251910 1.307841 -0.414906
v 0.251910 1.278701 -0.479392
v 0.251910 1.026672 -0.609137
v 0.251909 1.026672 0.881006
v 0.251909 1.026672 1.124743
v 0.251909 1.126762 1.124743
v 0.251909 1.126762 1.496916
v 0.251909 1.026672 1.527164
v 0.251909 1.026672 1.527164
v 0.427104 1.026672 1.527164
v 0.251909 1.096514 1.527164
v 0.427105 1.126762 1.124743
v 0.427104 1.126762 1.496916
v 0.427104 1.096514 1.527164
v 0.427105 1.307840 0.881006
v 0.427105 1.307841 -0.414905
v 0.427106 1.278701 -0.479391
v 0.427104 1.026672 1.767229
v 0.427104 1.026672 1.527164
v 0.251909 1.026672 1.527164
v 0.251908 1.026672 1.767228
v 0.427104 1.026672 1.767229
v -0.235752 1.026672 1.527164
v -0.410948 1.026672 1.527164
v -0.410948 1.026672 1.767228
v -0.235752 1.026672 1.767228
v -0.410948 1.026672 1.767228
v -0.410948 0.835573 1.767228
v 0.427104 0.835573 1.767229
v 0.251908 0.835573 1.767228
v 0.251908 0.835573 1.767228
v -0.235752 0.835573 1.767228
v -0.410948 0.835573 1.767228
v -0.200238 1.421649 1.527164
v 0.216395 1.421649 1.527164
v 0.251909 1.026672 1.527164
v -0.235752 1.026672 1.527164
v -0.235752 1.026672 1.527164
v -0.235752 1.026672 1.767228
v -0.235752 1.391401 1.527164
v 0.216395 1.421649 1.767228
v -0.200239 1.421649 1.767228
v -0.235752 1.391401 1.767228
v -0.235752 1.026672 1.767228
v 0.251908 1.026672 1.767228
v 0.251908 1.026672 1.767228
v 0.251909 1.026672 1.527164
v 0.251909 1.391401 1.527164
v 0.251908 1.391401 1.767228
v 0.251910 1.026672 -0.609137
v 0.251910 0.835573 -0.609137
v -0.200237 0.835573 -1.263360
v 0.216396 0.835573 -1.263360
v 0.251910 0.835573 -1.233112
v -0.235751 0.835573 -0.609137
v -0.235751 1.026672 -0.609137
v -0.235751 0.835573 -1.233112
v 0.216396 1.026672 -1.263360
v -0.200237 1.026672 -1.263360
v -0.235751 1.026672 -1.233112
v 0.251910 1.026672 -1.233112
v 0.251908 0.835573 1.767228
v 0.251908 1.026672 1.767228
v 0.251908 1.026672 1.767228
v -0.235752 1.026672 1.767228
v 0.251908 1.026672 1.998827
v -0.235752 1.026672 1.767228
v -0.235752 0.835573 1.767228
v -0.235752 1.026672 1.998826
v -0.235752 0.835573 1.767228
v 0.251908 0.835573 1.767228
v 0.251908 0.835573 1.998827
v -0.235752 0.835573 1.998826
v 0.251908 0.997835 2.123384
v -0.235752 0.997835 2.123384
v 0.251908 0.825759 2.040265
v -0.235752 0.825759 2.040264
v 0.118149 0.796727 2.519764
v -0.101993 0.796727 2.519764
v 0.118149 0.636319 2.445657
v -0.101993 0.636319 2.445657
v 0.118149 0.785748 2.553530
v -0.101994 0.785748 2.553530
v 0.118149 0.610860 2.545877
v -0.101994 0.610860 2.545877
v 0.075443 0.669257 2.916084
v -0.059288 0.669257 2.916083
v 0.075443 0.557700 2.916182
v -0.059288 0.557700 2.916182
v 0.251910 1.026672 -1.233112
v 0.251910 0.835573 -1.233112
v -0.235751 0.835573 -1.233112
v -0.235751 1.026672 -1.233112
v 0.075443 0.669257 2.916084
v -0.059288 0.669257 2.916083
v -0.059288 0.557700 2.916182
v 0.075443 0.557700 2.916182
v 0.075443 0.557700 2.916182
v 0.075443 0.669257 2.916084
v 0.152414 0.669257 2.916084
v 0.152414 0.557700 2.916182
v 0.152413 0.669265 3.186588
v 0.152414 0.669257 2.916084
v 0.075443 0.669265 3.186588
v 0.075443 0.558181 3.186686
v 0.152413 0.558181 3.186686
v 0.152413 0.669265 3.186588
v 0.152414 0.557700 2.916182
v 0.152413 0.558181 3.186686
v -0.059288 0.669257 2.916083
v -0.059288 0.557700 2.916182
v -0.136259 0.557700 2.916181
v -0.136259 0.669257 2.916083
v -0.136259 0.558181 3.186686
v -0.136259 0.557700 2.916181
v -0.059288 0.558181 3.186686
v -0.059288 0.669265 3.186588
v -0.136259 0.669265 3.186588
v -0.136259 0.558181 3.186686
v -0.136259 0.669257 2.916083
v -0.136259 0.669265 3.186588
v 0.075443 0.558181 3.186686
v 0.075443 0.669265 3.186588
v 0.075443 0.669266 3.296799
v 0.075443 0.558215 3.296898
v -0.059288 0.669266 3.296799
v 0.075443 0.669266 3.296799
v -0.059288 0.669265 3.186588
v -0.059288 0.558181 3.186686
v -0.059288 0.558215 3.296898
v -0.059288 0.669266 3.296799
v -0.059288 0.558181 3.186686
v 0.075443 0.558181 3.186686
v 0.075443 0.558215 3.296898
v -0.059288 0.558215 3.296898
v 0.913914 0.758234 -0.142068
v -0.888206 0.758234 -0.142069
v 0.913915 0.731370 -0.095538
v 0.913915 0.704506 -0.111048
v 0.913914 0.704506 -0.142068
v 0.913914 0.731370 -0.157577
v 0.913914 0.758234 -0.142068
v 0.913915 0.758234 -0.111048
v -0.888206 0.704506 -0.111049
v -0.888206 0.731370 -0.095539
v -0.888206 0.758234 -0.111049
v -0.888206 0.758234 -0.142069
v -0.888206 0.731370 -0.157578
v -0.888206 0.704506 -0.142069
v 0.759135 0.596326 -0.261248
v 0.759135 0.596326 0.008132
v -0.734502 0.596326 0.008132
v -0.734502 0.596326 -0.261248
v 0.759135 0.596326 0.008132
v 0.759135 0.841837 0.008132
v -0.734502 0.841837 0.008131
v -0.734502 0.596326 0.008132
v 0.759135 0.841837 0.008132
v 0.759135 0.841837 -0.261248
v -0.734502 0.841837 -0.261248
v -0.734502 0.841837 0.008131
v 0.759135 0.841837 -0.261248
v 0.759135 0.596326 -0.261248
v -0.734502 0.596326 -0.261248
v -0.734502 0.841837 -0.261248
v 0.537550 0.862400 0.035954
v 0.537550 0.862398 -0.285298
v 0.427928 0.862400 0.035954
v 0.427929 0.862398 -0.285298
v 0.427929 0.862398 -0.285298
v 0.537550 0.862398 -0.285298
v 0.537551 0.577475 -0.285336
v 0.427929 0.577475 -0.285336
v 0.537550 0.862400 0.035954
v 0.427928 0.862400 0.035954
v 0.537551 0.577474 0.036088
v 0.537550 0.840326 0.010146
v 0.537550 0.862400 0.035954
v 0.427929 0.577474 0.036088
v 0.427928 0.862400 0.035954
v 0.427928 0.840326 0.010146
v 0.537551 0.577474 0.036088
v 0.427929 0.577474 0.036088
v 0.427929 0.577475 -0.285336
v 0.537551 0.577475 -0.285336
v 0.427929 0.577474 0.036088
v 0.427929 0.597441 0.010481
v 0.427929 0.597442 -0.259727
v 0.427929 0.577475 -0.285336
v 0.537551 0.597441 0.010481
v 0.537551 0.577474 0.036088
v 0.537551 0.577475 -0.285336
v 0.537551 0.597442 -0.259727
v -0.755055 0.710701 -0.100820
v -0.833643 0.095389 -0.108053
v -0.755055 0.710701 -0.149570
v -0.833643 0.095389 -0.142055
v -0.795290 0.710701 -0.149570
v -0.858064 0.095389 -0.142055
v -0.858064 0.095389 -0.108053
v -0.795290 0.710701 -0.100820
v -0.755055 0.704585 -0.128791
v -0.833642 0.712072 -0.758737
v -0.755055 0.753335 -0.128791
v -0.833642 0.746073 -0.758737
v -0.795290 0.753335 -0.128791
v -0.858063 0.746073 -0.758737
v -0.858063 0.712072 -0.758737
v -0.795290 0.704585 -0.128791
v -0.752197 0.613844 -0.123838
v -0.835071 0.613844 -0.123838
v -0.835071 0.732045 -0.005637
v -0.855109 0.732045 -0.042975
v -0.855109 0.674865 -0.066659
v -0.835071 0.648464 -0.040258
v -0.855109 0.651181 -0.123838
v -0.835071 0.613844 -0.123838
v -0.855109 0.674866 -0.181017
v -0.835071 0.648464 -0.207419
v -0.855109 0.732045 -0.204702
v -0.835071 0.732045 -0.242039
v -0.855109 0.789224 -0.181018
v -0.835071 0.815626 -0.207419
v -0.855109 0.812909 -0.123838
v -0.835071 0.850246 -0.123838
v -0.855109 0.789224 -0.066659
v -0.835071 0.815625 -0.040258
v -0.833643 0.712072 0.519962
v -0.755055 0.704585 -0.105350
v -0.833643 0.746073 0.519962
v -0.755055 0.753335 -0.105350
v -0.858064 0.746073 0.519962
v -0.795290 0.753335 -0.105350
v -0.795290 0.704585 -0.105350
v -0.858064 0.712072 0.519962
v -0.833643 1.361030 -0.108053
v -0.755055 0.744745 -0.100821
v -0.833643 1.361030 -0.142055
v -0.755055 0.744745 -0.149570
v -0.858063 1.361030 -0.142055
v -0.795290 0.744745 -0.149570
v -0.795290 0.744745 -0.100821
v -0.858063 1.361030 -0.108053
v -0.755055 0.699350 -0.116904
v -0.833642 0.170664 -0.429746
v -0.755054 0.723725 -0.159123
v -0.833642 0.187665 -0.459192
v -0.795290 0.723725 -0.159123
v -0.858063 0.187665 -0.459192
v -0.858063 0.170664 -0.429746
v -0.795290 0.699350 -0.116904
v -0.833643 1.276298 0.210890
v -0.755055 0.742536 -0.088677
v -0.833643 1.293299 0.181444
v -0.755055 0.766911 -0.130896
v -0.858063 1.293299 0.181444
v -0.795290 0.766911 -0.130896
v -0.795290 0.742536 -0.088677
v -0.858063 1.276298 0.210890
v -0.833643 0.373602 0.451364
v -0.755055 0.700347 -0.120536
v -0.833643 0.403048 0.468365
v -0.755055 0.742565 -0.096161
v -0.858064 0.403048 0.468365
v -0.795290 0.742565 -0.096161
v -0.795290 0.700347 -0.120536
v -0.858064 0.373602 0.451364
v -0.755055 0.711246 -0.148469
v -0.833642 1.032305 -0.687900
v -0.755055 0.753465 -0.124093
v -0.833642 1.061751 -0.670899
v -0.795290 0.753465 -0.124093
v -0.858063 1.061751 -0.670899
v -0.858063 1.032305 -0.687900
v -0.795290 0.711246 -0.148468
v -0.833643 0.169600 0.175459
v -0.755055 0.710523 -0.146808
v -0.833643 0.186601 0.204905
v -0.755055 0.734898 -0.104590
v -0.858064 0.186601 0.204905
v -0.795290 0.734898 -0.104590
v -0.795290 0.710523 -0.146808
v -0.858063 0.169600 0.175459
v -0.755055 0.726619 -0.154619
v -0.833642 1.274053 -0.461164
v -0.755055 0.750993 -0.112400
v -0.833642 1.291054 -0.431718
v -0.795289 0.750993 -0.112400
v -0.858063 1.291054 -0.431718
v -0.858063 1.274053 -0.461164
v -0.795289 0.726619 -0.154619
v -0.833642 1.029790 0.428892
v -0.755055 0.714971 -0.101983
v -0.833642 1.059236 0.411892
v -0.755054 0.757190 -0.126358
v -0.858063 1.059236 0.411892
v -0.795289 0.757190 -0.126358
v -0.795289 0.714971 -0.101983
v -0.858063 1.029790 0.428892
v -0.755054 0.696800 -0.130162
v -0.833642 0.396168 -0.666275
v -0.755054 0.739018 -0.154537
v -0.833642 0.425614 -0.683276
v -0.795289 0.739018 -0.154537
v -0.858063 0.425614 -0.683276
v -0.858063 0.396168 -0.666275
v -0.795289 0.696800 -0.130162
v -0.808928 0.102617 -0.125900
v -0.808928 0.136802 0.078960
v -0.811123 -0.004668 -0.125900
v -0.811123 0.035330 0.113795
v -0.875928 -0.004668 -0.125900
v -0.875928 0.035330 0.113795
v -0.878122 0.136802 0.078960
v -0.878122 0.102617 -0.125900
v -0.878122 0.136802 0.078960
v -0.808928 0.136802 0.078960
v -0.808929 0.235653 0.261622
v -0.811123 0.150991 0.327517
v -0.875928 0.150991 0.327517
v -0.878122 0.235653 0.261621
v -0.878122 0.235653 0.261621
v -0.808929 0.235653 0.261622
v -0.808928 0.388458 0.402288
v -0.811123 0.329779 0.492103
v -0.875929 0.329779 0.492103
v -0.878122 0.388458 0.402288
v -0.878122 0.388458 0.402288
v -0.808928 0.388458 0.402288
v -0.808928 0.578658 0.485718
v -0.811123 0.552321 0.589719
v -0.875929 0.552321 0.589719
v -0.878123 0.578658 0.485718
v -0.878123 0.578658 0.485718
v -0.808928 0.578658 0.485718
v -0.808928 0.785642 0.502869
v -0.811123 0.794501 0.609787
v -0.875929 0.794501 0.609787
v -0.878123 0.785642 0.502869
v -0.878123 0.785642 0.502869
v -0.808928 0.785642 0.502869
v -0.808928 0.986980 0.451884
v -0.811123 1.030075 0.550132
v -0.875929 1.030075 0.550132
v -0.878123 0.986980 0.451884
v -0.878123 0.986980 0.451884
v -0.808928 0.986980 0.451884
v -0.808928 1.160854 0.338286
v -0.811123 1.233515 0.417218
v -0.875928 1.233515 0.417218
v -0.878122 1.160854 0.338286
v -0.878122 1.160854 0.338286
v -0.808928 1.160854 0.338286
v -0.808928 1.288422 0.174387
v -0.811123 1.382776 0.225449
v -0.875928 1.382776 0.225449
v -0.878122 1.288422 0.174387
v -0.878122 1.288422 0.174387
v -0.808928 1.288422 0.174387
v -0.808928 1.355860 -0.022053
v -0.811123 1.461681 -0.004394
v -0.875928 1.461681 -0.004394
v -0.878122 1.355860 -0.022053
v -0.878122 1.355860 -0.022053
v -0.808928 1.355860 -0.022053
v -0.808928 1.355860 -0.229747
v -0.811122 1.461681 -0.247405
v -0.875928 1.461681 -0.247405
v -0.878122 1.355860 -0.229746
v -0.878122 1.355860 -0.229746
v -0.808928 1.355860 -0.229747
v -0.808928 1.288422 -0.426187
v -0.811123 1.382776 -0.477248
v -0.875928 1.382776 -0.477248
v -0.878122 1.288422 -0.426187
v -0.878122 1.288422 -0.426187
v -0.808928 1.288422 -0.426187
v -0.808928 1.160854 -0.590086
v -0.811122 1.233516 -0.669018
v -0.875928 1.233516 -0.669018
v -0.878122 1.160854 -0.590086
v -0.878122 1.160854 -0.590086
v -0.808928 1.160854 -0.590086
v -0.808928 0.986980 -0.703684
v -0.811122 1.030076 -0.801932
v -0.875927 1.030076 -0.801932
v -0.878122 0.986980 -0.703684
v -0.878122 0.986980 -0.703684
v -0.808928 0.986980 -0.703684
v -0.808928 0.785642 -0.754669
v -0.811122 0.794502 -0.861587
v -0.875927 0.794502 -0.861587
v -0.878122 0.785642 -0.754669
v -0.878122 0.785642 -0.754669
v -0.808928 0.785642 -0.754669
v -0.808928 0.578658 -0.737519
v -0.811122 0.552321 -0.841519
v -0.875927 0.552321 -0.841519
v -0.878122 0.578658 -0.737519
v -0.878122 0.578658 -0.737519
v -0.808928 0.578658 -0.737519
v -0.808928 0.388458 -0.654089
v -0.811122 0.329779 -0.743903
v -0.875928 0.329779 -0.743904
v -0.878122 0.388458 -0.654089
v -0.878122 0.388458 -0.654089
v -0.808928 0.388458 -0.654089
v -0.808928 0.235653 -0.513422
v -0.811122 0.150991 -0.579318
v -0.875928 0.150991 -0.579318
v -0.878122 0.235653 -0.513422
v -0.878122 0.235653 -0.513422
v -0.808928 0.235653 -0.513422
v -0.808928 0.136802 -0.330761
v -0.811123 0.035331 -0.365596
v -0.875928 0.035331 -0.365596
v -0.878122 0.136802 -0.330761
v -0.878122 0.136802 -0.330761
v -0.878122 0.102617 -0.125900
v -0.808928 0.102617 -0.125900
v -0.808928 0.136802 -0.330761
v 0.780203 0.710701 -0.150979
v 0.858791 0.095390 -0.143746
v 0.780203 0.710701 -0.102229
v 0.858791 0.095390 -0.109744
v 0.820438 0.710701 -0.102229
v 0.883211 0.095390 -0.109744
v 0.883211 0.095390 -0.143746
v 0.820438 0.710701 -0.150979
v 0.780203 0.704585 -0.123008
v 0.858791 0.712072 0.506938
v 0.780203 0.753335 -0.123008
v 0.858791 0.746073 0.506938
v 0.820439 0.753335 -0.123008
v 0.883211 0.746073 0.506938
v 0.883211 0.712072 0.506938
v 0.820439 0.704585 -0.123008
v 0.777345 0.613844 -0.127961
v 0.860219 0.613844 -0.127961
v 0.860219 0.732045 -0.246162
v 0.880257 0.732045 -0.208825
v 0.880257 0.674866 -0.185140
v 0.860219 0.648464 -0.211542
v 0.880257 0.651181 -0.127961
v 0.860219 0.613844 -0.127961
v 0.880257 0.674866 -0.070782
v 0.860219 0.648464 -0.044380
v 0.880257 0.732045 -0.047097
v 0.860219 0.732045 -0.009760
v 0.880257 0.789224 -0.070781
v 0.860219 0.815626 -0.044380
v 0.880257 0.812909 -0.127961
v 0.860219 0.850246 -0.127961
v 0.880257 0.789224 -0.185140
v 0.860219 0.815626 -0.211542
v 0.858791 0.712072 -0.771762
v 0.780203 0.704585 -0.146449
v 0.858791 0.746074 -0.771762
v 0.780203 0.753335 -0.146449
v 0.883212 0.746074 -0.771762
v 0.820439 0.753335 -0.146449
v 0.820439 0.704585 -0.146449
v 0.883212 0.712072 -0.771762
v 0.858790 1.361030 -0.143746
v 0.780203 0.744745 -0.150979
v 0.858790 1.361030 -0.109744
v 0.780203 0.744745 -0.102229
v 0.883211 1.361030 -0.109744
v 0.820438 0.744745 -0.102229
v 0.820438 0.744745 -0.150978
v 0.883211 1.361030 -0.143746
v 0.780203 0.699350 -0.134895
v 0.858790 0.170664 0.177946
v 0.780203 0.723725 -0.092677
v 0.858790 0.187665 0.207392
v 0.820438 0.723725 -0.092677
v 0.883211 0.187665 0.207392
v 0.883211 0.170664 0.177946
v 0.820438 0.699350 -0.134895
v 0.858791 1.276298 -0.462689
v 0.780203 0.742536 -0.163122
v 0.858791 1.293299 -0.433243
v 0.780203 0.766911 -0.120904
v 0.883211 1.293299 -0.433243
v 0.820438 0.766911 -0.120904
v 0.820438 0.742536 -0.163122
v 0.883211 1.276298 -0.462689
v 0.858791 0.373602 -0.703163
v 0.780203 0.700347 -0.131264
v 0.858791 0.403048 -0.720165
v 0.780203 0.742565 -0.155638
v 0.883212 0.403048 -0.720165
v 0.820438 0.742565 -0.155638
v 0.820438 0.700347 -0.131264
v 0.883212 0.373602 -0.703163
v 0.780203 0.711246 -0.103331
v 0.858791 1.032305 0.436101
v 0.780203 0.753465 -0.127706
v 0.858790 1.061751 0.419100
v 0.820438 0.753465 -0.127706
v 0.883211 1.061751 0.419100
v 0.883211 1.032305 0.436101
v 0.820438 0.711246 -0.103331
v 0.858791 0.169600 -0.427258
v 0.780203 0.710523 -0.104991
v 0.858791 0.186601 -0.456705
v 0.780203 0.734898 -0.147210
v 0.883212 0.186601 -0.456705
v 0.820438 0.734898 -0.147210
v 0.820438 0.710523 -0.104991
v 0.883212 0.169600 -0.427258
v 0.780203 0.726619 -0.097180
v 0.858790 1.274053 0.209364
v 0.780203 0.750993 -0.139399
v 0.858790 1.291054 0.179918
v 0.820437 0.750993 -0.139399
v 0.883211 1.291054 0.179918
v 0.883211 1.274053 0.209364
v 0.820437 0.726619 -0.097180
v 0.858790 1.029790 -0.680692
v 0.780203 0.714971 -0.149816
v 0.858790 1.059236 -0.663691
v 0.780202 0.757190 -0.125441
v 0.883211 1.059236 -0.663691
v 0.820437 0.757190 -0.125441
v 0.820437 0.714971 -0.149816
v 0.883211 1.029790 -0.680692
v 0.780202 0.696800 -0.121637
v 0.858790 0.396168 0.414476
v 0.780202 0.739019 -0.097262
v 0.858790 0.425614 0.431476
v 0.820437 0.739019 -0.097262
v 0.883211 0.425614 0.431476
v 0.883211 0.396168 0.414476
v 0.820437 0.696800 -0.121637
v 0.834076 0.102617 -0.125899
v 0.834077 0.136802 -0.330760
v 0.836271 -0.004667 -0.125899
v 0.836271 0.035330 -0.365595
v 0.901076 -0.004667 -0.125899
v 0.901076 0.035330 -0.365595
v 0.903270 0.136802 -0.330760
v 0.903270 0.102617 -0.125899
v 0.903270 0.136802 -0.330760
v 0.834077 0.136802 -0.330760
v 0.834077 0.235653 -0.513421
v 0.836271 0.150991 -0.579316
v 0.901076 0.150991 -0.579316
v 0.903270 0.235653 -0.513421
v 0.903270 0.235653 -0.513421
v 0.834077 0.235653 -0.513421
v 0.834077 0.388458 -0.654088
v 0.836271 0.329779 -0.743903
v 0.901077 0.329779 -0.743903
v 0.903271 0.388458 -0.654088
v 0.903271 0.388458 -0.654088
v 0.834077 0.388458 -0.654088
v 0.834077 0.578658 -0.737518
v 0.836271 0.552321 -0.841519
v 0.901077 0.552321 -0.841519
v 0.903271 0.578658 -0.737518
v 0.903271 0.578658 -0.737518
v 0.834077 0.578658 -0.737518
v 0.834077 0.785642 -0.754669
v 0.836271 0.794502 -0.861586
v 0.901077 0.794502 -0.861586
v 0.903271 0.785642 -0.754669
v 0.903271 0.785642 -0.754669
v 0.834077 0.785642 -0.754669
v 0.834077 0.986980 -0.703683
v 0.836271 1.030076 -0.801931
v 0.901077 1.030076 -0.801931
v 0.903271 0.986980 -0.703683
v 0.903271 0.986980 -0.703683
v 0.834077 0.986980 -0.703683
v 0.834077 1.160854 -0.590086
v 0.836271 1.233516 -0.669017
v 0.901077 1.233516 -0.669017
v 0.903270 1.160854 -0.590086
v 0.903270 1.160854 -0.590086
v 0.834077 1.160854 -0.590086
v 0.834076 1.288422 -0.426186
v 0.836271 1.382776 -0.477248
v 0.901076 1.382776 -0.477248
v 0.903271 1.288422 -0.426186
v 0.903271 1.288422 -0.426186
v 0.834076 1.288422 -0.426186
v 0.834076 1.355860 -0.229746
v 0.836271 1.461681 -0.247405
v 0.901076 1.461681 -0.247405
v 0.903271 1.355860 -0.229746
v 0.903271 1.355860 -0.229746
v 0.834076 1.355860 -0.229746
v 0.834076 1.355860 -0.022052
v 0.836270 1.461681 -0.004394
v 0.901076 1.461681 -0.004394
v 0.903270 1.355860 -0.022053
v 0.903270 1.355860 -0.022053
v 0.834076 1.355860 -0.022052
v 0.834076 1.288422 0.174388
v 0.836271 1.382776 0.225449
v 0.901076 1.382776 0.225449
v 0.903270 1.288422 0.174388
v 0.903270 1.288422 0.174388
v 0.834076 1.288422 0.174388
v 0.834076 1.160854 0.338287
v 0.836270 1.233516 0.417218
v 0.901075 1.233516 0.417218
v 0.903270 1.160854 0.338287
v 0.903270 1.160854 0.338287
v 0.834076 1.160854 0.338287
v 0.834076 0.986980 0.451884
v 0.836270 1.030076 0.550133
v 0.901075 1.030076 0.550133
v 0.903270 0.986980 0.451884
v 0.903270 0.986980 0.451884
v 0.834076 0.986980 0.451884
v 0.834076 0.785642 0.502870
v 0.836271 0.794501 0.609788
v 0.901076 0.794501 0.609788
v 0.903270 0.785642 0.502870
v 0.903270 0.785642 0.502870
v 0.834076 0.785642 0.502870
v 0.834076 0.578658 0.485719
v 0.836271 0.552321 0.589720
v 0.901076 0.552321 0.589720
v 0.903270 0.578658 0.485719
v 0.903270 0.578658 0.485719
v 0.834076 0.578658 0.485719
v 0.834076 0.388458 0.402290
v 0.836271 0.329779 0.492104
v 0.901076 0.329779 0.492104
v 0.903270 0.388458 0.402290
v 0.903270 0.388458 0.402290
v 0.834076 0.388458 0.402290
v 0.834076 0.235653 0.261622
v 0.836270 0.150991 0.327518
v 0.901076 0.150991 0.327518
v 0.903270 0.235653 0.261622
v 0.903270 0.235653 0.261622
v 0.834076 0.235653 0.261622
v 0.834077 0.136802 0.078962
v 0.836271 0.035331 0.113797
v 0.901076 0.035331 0.113797
v 0.903270 0.136802 0.078962
v 0.903270 0.136802 0.078962
v 0.903270 0.102617 -0.125899
v 0.834076 0.102617 -0.125899
v 0.834077 0.136802 0.078962
v 0.036016 1.122528 1.930982
v 0.036017 1.122528 1.627087
v -0.064655 1.261091 1.930982
v -0.081852 1.208165 1.930982
v -0.064655 1.155239 1.930982
v -0.019634 1.122528 1.930982
v 0.036016 1.122528 1.930982
v 0.036016 1.122528 1.930982
v 0.081038 1.155239 1.930982
v 0.027068 1.150070 1.975488
v 0.098235 1.208165 1.930982
v 0.081038 1.261091 1.930982
v 0.036016 1.293802 1.930982
v -0.019634 1.293802 1.930982
v -0.041227 1.244070 1.975488
v -0.052893 1.208165 1.975488
v -0.041227 1.172260 1.975488
v -0.010685 1.150070 1.975488
v 0.027068 1.150070 1.975488
v 0.027068 1.150070 1.975488
v 0.057610 1.172260 1.975488
v 0.027068 1.150070 2.059614
v 0.069276 1.208165 1.975488
v 0.057610 1.244070 1.975488
v 0.027068 1.266260 1.975488
v -0.010685 1.266260 1.975488
v -0.041227 1.244070 2.059614
v -0.052894 1.208165 2.059614
v -0.041227 1.172260 2.059614
v -0.010685 1.150070 2.059614
v 0.027068 1.150070 2.059614
v 0.027068 1.150070 2.059614
v 0.057610 1.172260 2.059614
v 0.031547 1.136285 2.086700
v 0.069276 1.208165 2.059614
v 0.057610 1.244070 2.059614
v 0.027068 1.266260 2.059614
v -0.010685 1.266260 2.059614
v 0.031547 1.136285 2.126096
v -0.048541 1.208165 2.156666
v -0.037707 1.241512 2.156666
v -0.037707 1.174818 2.156666
v -0.009340 1.154209 2.156666
v 0.025723 1.154209 2.156666
v 0.054089 1.174818 2.156666
v 0.025723 1.154209 2.156666
v 0.064924 1.208165 2.156666
v 0.054089 1.241512 2.156666
v 0.025723 1.262121 2.156666
v -0.009340 1.262121 2.156666
v -0.334793 1.298063 0.757657
v -0.334793 1.339284 0.757657
v -0.340277 1.359949 0.733631
v -0.340974 1.387757 0.730578
v -0.338387 1.409012 0.741910
v -0.321122 1.418889 0.767593
v -0.315768 1.418889 0.778711
v -0.333152 1.418889 0.764847
v -0.342800 1.418889 0.772541
v -0.333152 1.418889 0.764847
v -0.342800 1.418889 0.784881
v -0.333152 1.418889 0.792575
v -0.321122 1.418889 0.789829
v -0.334793 1.298063 -0.149654
v -0.334793 1.339284 -0.149654
v -0.340277 1.359949 -0.173680
v -0.340974 1.387757 -0.176733
v -0.338387 1.409012 -0.165401
v -0.321121 1.418889 -0.139718
v -0.315767 1.418889 -0.128600
v -0.333152 1.418889 -0.142464
v -0.342800 1.418889 -0.134770
v -0.333152 1.418889 -0.142464
v -0.342800 1.418889 -0.122430
v -0.333152 1.418889 -0.114736
v -0.321121 1.418889 -0.117482
v 0.324776 1.298063 0.795926
v 0.324776 1.339284 0.795926
v 0.309896 1.359949 0.815570
v 0.308005 1.387757 0.818067
v 0.315023 1.409012 0.808801
v 0.323599 1.418889 0.779066
v 0.328674 1.418889 0.767818
v 0.329229 1.418889 0.790047
v 0.341324 1.418889 0.792492
v 0.329229 1.418889 0.790047
v 0.350777 1.418889 0.784560
v 0.350469 1.418889 0.772224
v 0.340633 1.418889 0.764773
v 0.326326 1.298063 -0.110315
v 0.326326 1.339284 -0.110315
v 0.313215 1.359949 -0.089448
v 0.311549 1.387757 -0.086796
v 0.317733 1.409012 -0.096639
v 0.323685 1.418889 -0.127008
v 0.327760 1.418889 -0.138655
v 0.330250 1.418889 -0.116559
v 0.342512 1.418889 -0.115177
v 0.330250 1.418889 -0.116559
v 0.351238 1.418889 -0.123903
v 0.349856 1.418889 -0.136166
v 0.339408 1.418889 -0.142731
v 0.008192 0.905190 1.247872
v 0.008192 0.904693 1.273427
v 0.008192 0.924230 1.286827
v 0.008191 0.963815 1.414547
v 0.008191 1.031165 1.489553
v 0.008192 0.926810 1.144324
v 0.008191 0.925170 1.235192
v 0.150159 0.962270 1.286827
v 0.008192 0.924230 1.286827
v 0.008192 0.924230 1.286827
v -0.133776 0.962270 1.286827
v -0.237703 1.066198 1.286827
v -0.275743 1.208165 1.286827
v -0.237703 1.350132 1.286827
v -0.133776 1.454059 1.286827
v 0.008192 1.492099 1.286827
v 0.150159 1.454059 1.286827
v 0.254086 1.350132 1.286827
v 0.292126 1.208165 1.286827
v 0.254086 1.066198 1.286827
v 0.008191 0.925170 1.235192
v 0.149689 0.963084 1.235192
v 0.253272 1.066668 1.235192
v 0.291186 1.208165 1.235192
v 0.253272 1.349662 1.235192
v 0.149689 1.453245 1.235192
v 0.008192 1.491159 1.235192
v -0.133306 1.453245 1.235192
v -0.236889 1.349662 1.235192
v -0.274803 1.208165 1.235192
v -0.236889 1.066668 1.235192
v -0.133306 0.963084 1.235192
v 0.008191 0.925170 1.235192
v 0.061434 1.115946 1.526040
v 0.008191 1.101680 1.526040
v 0.100410 1.154922 1.526040
v 0.114676 1.208165 1.526040
v 0.100410 1.261407 1.526040
v 0.061434 1.300383 1.526040
v 0.008191 1.314649 1.526040
v -0.045051 1.300383 1.526040
v -0.084027 1.261407 1.526040
v -0.098293 1.208165 1.526040
v -0.084027 1.154922 1.526040
v -0.045051 1.115946 1.526040
v 0.008191 1.101680 1.526040
v 0.008193 0.979805 -2.345651
v 0.008193 0.947293 -2.390417
v 0.008193 0.947293 -2.421026
v 0.138629 0.982244 -2.421026
v 0.008193 0.947293 -2.421026
v 0.008193 0.947293 -2.421026
v -0.122243 0.982244 -2.421025
v 0.008193 0.978914 -2.443404
v -0.217728 1.077729 -2.421025
v -0.252678 1.208165 -2.421025
v -0.217728 1.338601 -2.421025
v -0.122243 1.434086 -2.421025
v 0.008193 1.469037 -2.421025
v 0.138629 1.434087 -2.421026
v 0.234115 1.338601 -2.421026
v 0.269065 1.208165 -2.421026
v 0.234115 1.077730 -2.421026
v 0.122819 1.009628 -2.443404
v 0.008193 0.978914 -2.443404
v 0.008193 0.978914 -2.443404
v -0.106432 1.009628 -2.443404
v 0.008193 0.985380 -2.465045
v -0.190344 1.093540 -2.443404
v -0.221058 1.208165 -2.443404
v -0.190344 1.322791 -2.443404
v -0.106432 1.406703 -2.443404
v 0.008193 1.437416 -2.443404
v 0.122819 1.406703 -2.443404
v 0.206730 1.322791 -2.443404
v 0.237444 1.208165 -2.443404
v 0.206731 1.093540 -2.443404
v 0.008193 1.010270 -2.471249
v 0.107141 1.036783 -2.471249
v 0.008193 1.010270 -2.471249
v 0.008193 1.010270 -2.471249
v -0.090754 1.036783 -2.471249
v 0.008193 1.013949 -2.483268
v -0.163189 1.109218 -2.471249
v -0.189702 1.208165 -2.471249
v -0.163189 1.307113 -2.471249
v -0.090754 1.379547 -2.471249
v 0.008193 1.406060 -2.471248
v 0.107140 1.379547 -2.471249
v 0.179575 1.307113 -2.471249
v 0.206088 1.208165 -2.471249
v 0.179575 1.109218 -2.471249
v 0.101451 1.046638 -2.488827
v 0.008193 1.021650 -2.488826
v 0.008193 1.021650 -2.488826
v -0.085064 1.046638 -2.488826
v -0.153334 1.114908 -2.488826
v -0.178322 1.208165 -2.488826
v -0.153334 1.301423 -2.488826
v -0.085064 1.369692 -2.488826
v 0.008193 1.394680 -2.488826
v 0.101451 1.369692 -2.488826
v 0.169720 1.301423 -2.488827
v 0.194708 1.208165 -2.488827
v 0.169720 1.114908 -2.488827
v 0.008192 0.910067 0.945285
v 0.008191 0.904278 1.117498
v 0.008192 0.935569 0.826752
v 0.008192 0.932731 0.919523
v 0.148869 0.964504 1.144324
v 0.008192 0.926810 1.144324
v 0.008191 0.904278 1.117498
v 0.160135 0.944991 1.117499
v 0.008192 0.926810 1.144324
v -0.132486 0.964504 1.144324
v -0.143752 0.944991 1.117498
v 0.008191 0.904278 1.117498
v -0.235469 1.067487 1.144324
v -0.254982 1.056222 1.117498
v -0.273163 1.208165 1.144324
v -0.295695 1.208165 1.117498
v -0.235469 1.348842 1.144324
v -0.254982 1.360108 1.117498
v -0.132486 1.451825 1.144324
v -0.143752 1.471338 1.117498
v 0.008192 1.489520 1.144324
v 0.008192 1.512051 1.117498
v 0.148869 1.451825 1.144324
v 0.160135 1.471338 1.117499
v 0.251852 1.348843 1.144324
v 0.271365 1.360108 1.117499
v 0.289547 1.208165 1.144324
v 0.312078 1.208165 1.117499
v 0.251852 1.067487 1.144324
v 0.271365 1.056222 1.117499
v 0.008192 0.932731 0.919523
v 0.145908 0.969632 0.919523
v 0.157240 0.950005 0.945285
v 0.008192 0.910067 0.945285
v 0.246725 1.070448 0.919523
v 0.266352 1.059116 0.945285
v 0.283626 1.208165 0.919523
v 0.306289 1.208165 0.945285
v 0.246724 1.345882 0.919523
v 0.266352 1.357214 0.945285
v 0.145909 1.446697 0.919524
v 0.157240 1.466325 0.945285
v 0.008192 1.483598 0.919523
v 0.008192 1.506262 0.945285
v -0.129525 1.446697 0.919523
v -0.140857 1.466325 0.945285
v -0.230341 1.345882 0.919523
v -0.249968 1.357213 0.945285
v -0.267242 1.208165 0.919523
v -0.289906 1.208165 0.945285
v -0.230341 1.070448 0.919523
v -0.249968 1.059116 0.945285
v -0.129525 0.969632 0.919523
v -0.140857 0.950005 0.945285
v 0.008192 0.932731 0.919523
v 0.008192 0.910067 0.945285
v 0.008192 0.923159 0.606805
v 0.008192 0.920380 0.799957
v 0.008192 0.939982 0.476468
v 0.008192 0.938508 0.580928
v 0.144490 0.972090 0.826752
v 0.008192 0.935569 0.826752
v 0.008192 0.920380 0.799957
v 0.152084 0.958936 0.799957
v 0.008192 0.935569 0.826752
v -0.128106 0.972090 0.826752
v -0.135701 0.958936 0.799957
v 0.008192 0.920380 0.799957
v -0.227883 1.071867 0.826752
v -0.241037 1.064273 0.799957
v -0.264404 1.208165 0.826752
v -0.279593 1.208165 0.799957
v -0.227883 1.344463 0.826752
v -0.241037 1.352057 0.799957
v -0.128106 1.444240 0.826752
v -0.135701 1.457394 0.799957
v 0.008192 1.480761 0.826752
v 0.008192 1.495950 0.799957
v 0.144490 1.444240 0.826752
v 0.152084 1.457394 0.799958
v 0.244267 1.344463 0.826752
v 0.257421 1.352057 0.799958
v 0.280788 1.208165 0.826752
v 0.295977 1.208165 0.799958
v 0.244267 1.071867 0.826752
v 0.257421 1.064273 0.799958
v 0.008192 0.938508 0.580928
v 0.143020 0.974635 0.580928
v 0.150695 0.961342 0.606805
v 0.008192 0.923159 0.606805
v 0.241721 1.073337 0.580928
v 0.255014 1.065662 0.606805
v 0.277848 1.208165 0.580928
v 0.293198 1.208165 0.606805
v 0.241721 1.342993 0.580928
v 0.255014 1.350668 0.606805
v 0.143020 1.441694 0.580927
v 0.150695 1.454987 0.606805
v 0.008192 1.477821 0.580927
v 0.008192 1.493171 0.606805
v -0.126636 1.441694 0.580927
v -0.134311 1.454987 0.606805
v -0.225338 1.342993 0.580927
v -0.238630 1.350668 0.606805
v -0.261465 1.208165 0.580927
v -0.276814 1.208165 0.606805
v -0.225338 1.073337 0.580927
v -0.238631 1.065662 0.606805
v -0.126637 0.974635 0.580928
v -0.134311 0.961342 0.606805
v 0.008192 0.938508 0.580928
v 0.008192 0.923159 0.606805
v 0.008192 0.931978 0.330595
v 0.008192 0.929728 0.449624
v 0.008192 0.942407 0.304649
v 0.142283 0.975912 0.476468
v 0.008192 0.939982 0.476468
v 0.008192 0.929728 0.449624
v 0.147410 0.967031 0.449624
v 0.008192 0.939982 0.476468
v -0.125899 0.975912 0.476468
v -0.131027 0.967031 0.449624
v 0.008192 0.929728 0.449624
v -0.224061 1.074074 0.476468
v -0.232942 1.068946 0.449624
v -0.259991 1.208165 0.476468
v -0.270245 1.208165 0.449624
v -0.224061 1.342256 0.476468
v -0.232942 1.347383 0.449624
v -0.125899 1.440418 0.476468
v -0.131027 1.449298 0.449624
v 0.008192 1.476347 0.476468
v 0.008192 1.486602 0.449624
v 0.142283 1.440418 0.476468
v 0.147410 1.449298 0.449624
v 0.240445 1.342256 0.476468
v 0.249325 1.347383 0.449624
v 0.276374 1.208165 0.476468
v 0.286629 1.208165 0.449624
v 0.240445 1.074074 0.476468
v 0.249326 1.068947 0.449624
v 0.008192 0.942407 0.304649
v 0.141071 0.978011 0.304649
v 0.146285 0.968980 0.330595
v 0.008192 0.931978 0.330595
v 0.238345 1.075286 0.304649
v 0.247377 1.070072 0.330596
v 0.273950 1.208165 0.304649
v 0.284379 1.208165 0.330596
v 0.238345 1.341044 0.304649
v 0.247377 1.346259 0.330596
v 0.141071 1.438318 0.304649
v 0.146285 1.447350 0.330596
v 0.008192 1.473923 0.304649
v 0.008192 1.484352 0.330595
v -0.124687 1.438318 0.304649
v -0.129901 1.447350 0.330595
v -0.221961 1.341044 0.304649
v -0.230993 1.346258 0.330595
v -0.257566 1.208165 0.304649
v -0.267995 1.208165 0.330595
v -0.221961 1.075286 0.304649
v -0.230993 1.070071 0.330595
v -0.124687 0.978012 0.304649
v -0.129901 0.968980 0.330595
v 0.008192 0.942407 0.304649
v 0.008192 0.931978 0.330595
v 0.760697 0.862400 0.035954
v 0.760697 0.862398 -0.285298
v 0.651075 0.862400 0.035954
v 0.651076 0.862398 -0.285298
v 0.651076 0.862398 -0.285298
v 0.760697 0.862398 -0.285298
v 0.760698 0.577475 -0.285336
v 0.651076 0.577475 -0.285336
v 0.760697 0.862400 0.035954
v 0.651075 0.862400 0.035954
v 0.760698 0.577474 0.036088
v 0.760697 0.840326 0.010146
v 0.760697 0.862400 0.035954
v 0.651076 0.577474 0.036088
v 0.651075 0.862400 0.035954
v 0.651076 0.840326 0.010146
v 0.760698 0.577474 0.036088
v 0.651076 0.577474 0.036088
v 0.651076 0.577475 -0.285336
v 0.760698 0.577475 -0.285336
v 0.651076 0.577474 0.036088
v 0.651076 0.597441 0.010481
v 0.651076 0.597442 -0.259726
v 0.651076 0.577475 -0.285336
v 0.760698 0.597441 0.010481
v 0.760698 0.577474 0.036088
v 0.760698 0.577475 -0.285336
v 0.760698 0.597442 -0.259726
v -0.411405 0.862400 0.035953
v -0.411405 0.862398 -0.285298
v -0.521027 0.862400 0.035953
v -0.521027 0.862398 -0.285298
v -0.521027 0.862398 -0.285298
v -0.411405 0.862398 -0.285298
v -0.411405 0.577475 -0.285336
v -0.521027 0.577475 -0.285336
v -0.411405 0.862400 0.035953
v -0.521027 0.862400 0.035953
v -0.411405 0.577474 0.036088
v -0.411405 0.840326 0.010146
v -0.411405 0.862400 0.035953
v -0.521027 0.577474 0.036088
v -0.521027 0.862400 0.035953
v -0.521027 0.840326 0.010146
v -0.411405 0.577474 0.036088
v -0.521027 0.577474 0.036088
v -0.521027 0.577475 -0.285336
v -0.411405 0.577475 -0.285336
v -0.521027 0.577474 0.036088
v -0.521027 0.597441 0.010480
v -0.521027 0.597442 -0.259727
v -0.521027 0.577475 -0.285336
v -0.411405 0.597441 0.010480
v -0.411405 0.577474 0.036088
v -0.411405 0.577475 -0.285336
v -0.411405 0.597442 -0.259727
v -0.627081 0.862400 0.035953
v -0.627081 0.862398 -0.285298
v -0.736703 0.862400 0.035953
v -0.736703 0.862398 -0.285298
v -0.736703 0.862398 -0.285298
v -0.627081 0.862398 -0.285298
v -0.627081 0.577475 -0.285336
v -0.736702 0.577475 -0.285336
v -0.627081 0.862400 0.035953
v -0.736703 0.862400 0.035953
v -0.627081 0.577474 0.036088
v -0.627081 0.840326 0.010146
v -0.627081 0.862400 0.035953
v -0.736702 0.577474 0.036088
v -0.736703 0.862400 0.035953
v -0.736703 0.840326 0.010146
v -0.627081 0.577474 0.036088
v -0.736702 0.577474 0.036088
v -0.736702 0.577475 -0.285336
v -0.627081 0.577475 -0.285336
v -0.736702 0.577474 0.036088
v -0.736702 0.597441 0.010480
v -0.736702 0.597442 -0.259727
v -0.736702 0.577475 -0.285336
v -0.627081 0.597441 0.010480
v -0.627081 0.577474 0.036088
v -0.627081 0.577475 -0.285336
v -0.627081 0.597442 -0.259727
v 0.129103 0.740178 3.058130
v 0.122753 0.729180 3.058130
v 0.110054 0.729180 3.058130
v 0.103704 0.740178 3.058130
v 0.110054 0.751176 3.058130
v 0.122753 0.751176 3.058130
v -0.086310 0.740178 3.058130
v -0.092660 0.729180 3.058130
v -0.105360 0.729180 3.058130
v -0.111709 0.740178 3.058130
v -0.105360 0.751176 3.058130
v -0.092660 0.751176 3.058130
v -0.811123 1.461681 -0.004394
v -0.875928 1.461681 -0.004394
v -0.811123 -0.004668 -0.125900
v -0.875928 -0.004668 -0.125900
v 0.836271 1.461681 -0.247405
v 0.901076 1.461681 -0.247405
v 0.836271 -0.004667 -0.125899
v 0.901076 -0.004667 -0.125899
v -0.350795 1.200236 1.316764
v -0.357144 1.189238 1.316764
v -0.369844 1.189238 1.316764
v -0.376194 1.200236 1.316764
v -0.369844 1.211234 1.316764
v -0.357144 1.211234 1.316764
v 0.391520 1.200236 1.316764
v 0.385170 1.189238 1.316764
v 0.372471 1.189238 1.316764
v 0.366121 1.200236 1.316764
v 0.372471 1.211234 1.316764
v 0.385170 1.211234 1.316764
vn 1.0000 -0.0000 -0.0000
vn -1.0000 -0.0000 -0.0000
vn -0.0000 -1.0000 -0.0000
vn -0.0000 0.0005 1.0000
vn -0.0000 0.0001 -1.0000
vn -0.0000 1.0000 -0.0000
vn 0.5029 0.8431 -0.1905
vn 0.9820 0.1887 -0.0000
vn 0.9992 -0.0029 -0.0395
vn 0.3270 0.9450 -0.0001
vn -0.4986 0.8530 -0.1543
vn 0.3273 0.9449 0.0001
vn -0.6543 0.7563 0.0001
vn -0.9992 0.0029 0.0394
vn -0.6549 0.7557 -0.0000
vn -0.9820 -0.1887 -0.0000
vn -0.5029 -0.8431 0.1905
vn -0.3270 -0.9450 -0.0000
vn 0.4986 -0.8530 0.1543
vn -0.3273 -0.9449 -0.0000
vn 0.6543 -0.7563 -0.0000
vn 0.6548 -0.7558 -0.0000
vn 0.5122 0.5963 -0.6181
vn 0.9973 -0.0505 -0.0532
vn -0.5123 0.6434 -0.5689
vn -0.9973 0.0510 0.0527
vn -0.5123 -0.5963 0.6181
vn 0.5123 -0.6434 0.5689
vn 0.5001 0.1716 -0.8488
vn 0.9991 -0.0433 -0.0047
vn -0.5044 0.2113 -0.8372
vn -0.9990 0.0435 0.0047
vn -0.5001 -0.1710 0.8489
vn 0.5045 -0.2110 0.8372
vn 0.6541 0.0016 -0.7564
vn 0.9820 -0.0002 0.1889
vn -0.3277 0.0019 -0.9448
vn -0.9820 0.0003 -0.1889
vn -0.6540 -0.0006 0.7565
vn 0.3277 -0.0008 0.9448
vn 0.5029 0.8431 0.1905
vn 0.9992 -0.0029 0.0395
vn -0.4985 0.8530 0.1544
vn -0.9992 0.0029 -0.0395
vn -0.9820 -0.1886 -0.0000
vn -0.5029 -0.8431 -0.1904
vn 0.4986 -0.8530 -0.1543
vn 0.5122 0.5963 0.6181
vn 0.9973 -0.0506 0.0533
vn -0.5122 0.6434 0.5689
vn -0.9973 0.0510 -0.0528
vn -0.5123 -0.5963 -0.6181
vn 0.5123 -0.6434 -0.5689
vn 0.5000 0.1716 0.8488
vn 0.9991 -0.0433 0.0048
vn -0.5044 0.2113 0.8372
vn -0.9990 0.0435 -0.0047
vn -0.5001 -0.1710 -0.8489
vn 0.5045 -0.2110 -0.8373
vn 0.6541 0.0018 0.7564
vn 0.9820 0.0002 -0.1890
vn -0.3277 0.0019 0.9448
vn -0.9820 0.0002 0.1890
vn -0.6541 -0.0010 -0.7564
vn 0.3277 -0.0008 -0.9448
vn -0.6543 0.7562 0.0001
vn -0.6548 0.7558 -0.0000
vn -0.5029 -0.8431 0.1904
vn 0.6541 0.0014 -0.7564
vn 0.9820 -0.0002 0.1890
vn -0.9820 0.0004 -0.1889
vn -0.6540 -0.0009 0.7565
vn 0.3277 -0.0009 0.9448
vn -0.9992 0.0030 -0.0394
vn 0.9973 -0.0504 0.0533
vn 0.6540 0.0018 0.7565
vn -0.3909 -0.8420 -0.3717
vn -0.0829 -0.9247 -0.3716
vn -0.5339 -0.7595 -0.3717
vn 0.0823 -0.9247 -0.3717
vn -0.7595 -0.5338 -0.3717
vn -0.8421 -0.3908 -0.3717
vn -0.9247 -0.0826 -0.3717
vn -0.9247 0.0826 -0.3717
vn -0.8421 0.3909 -0.3717
vn -0.7595 0.5339 -0.3717
vn -0.5338 0.7595 -0.3717
vn -0.3908 0.8421 -0.3717
vn -0.0826 0.9247 -0.3717
vn 0.0826 0.9247 -0.3717
vn 0.3909 0.8421 -0.3717
vn 0.5339 0.7595 -0.3717
vn 0.7595 0.5338 -0.3717
vn 0.8421 0.3908 -0.3717
vn 0.9247 0.0825 -0.3717
vn 0.9247 -0.0826 -0.3717
vn 0.8420 -0.3909 -0.3717
vn 0.7595 -0.5339 -0.3717
vn 0.5338 -0.7595 -0.3717
vn 0.3908 -0.8421 -0.3717
vn 0.0829 -0.9247 -0.3716
vn -0.0823 -0.9247 -0.3717
vn 0.7646 -0.5375 0.3556
vn 0.5375 -0.7646 0.3556
vn 0.8478 -0.3935 0.3556
vn 0.3935 -0.8478 0.3556
vn 0.9309 -0.0831 0.3556
vn 0.9309 0.0831 0.3556
vn 0.8478 0.3935 0.3556
vn 0.7646 0.5375 0.3556
vn 0.5375 0.7646 0.3556
vn 0.3935 0.8478 0.3556
vn 0.0831 0.9309 0.3556
vn -0.0831 0.9309 0.3556
vn -0.3935 0.8478 0.3556
vn -0.5375 0.7646 0.3556
vn -0.7646 0.5375 0.3556
vn -0.8478 0.3935 0.3556
vn -0.9309 0.0831 0.3556
vn -0.9309 -0.0831 0.3556
vn -0.8478 -0.3935 0.3556
vn -0.7646 -0.5375 0.3556
vn -0.5375 -0.7646 0.3556
vn -0.3935 -0.8478 0.3556
vn -0.0835 -0.9309 0.3556
vn 0.0828 -0.9310 0.3556
vn 0.0835 -0.9309 0.3556
vn -0.0828 -0.9310 0.3556
vn 0.4837 -0.8207 0.3040
vn 0.8180 -0.5750 -0.0144
vn 0.4209 -0.9070 -0.0144
vn 0.8292 -0.4690 0.3041
vn 0.9959 -0.0889 -0.0144
vn 0.9526 0.0085 0.3040
vn 0.9070 0.4209 -0.0144
vn 0.8207 0.4837 0.3040
vn 0.5750 0.8180 -0.0144
vn 0.4690 0.8292 0.3040
vn 0.0889 0.9959 -0.0144
vn -0.0085 0.9526 0.3040
vn -0.4209 0.9070 -0.0144
vn -0.4837 0.8208 0.3040
vn -0.8180 0.5750 -0.0144
vn -0.8292 0.4690 0.3040
vn -0.9959 0.0889 -0.0144
vn -0.9526 -0.0085 0.3041
vn -0.9070 -0.4209 -0.0144
vn -0.8208 -0.4837 0.3040
vn -0.5750 -0.8180 -0.0144
vn -0.4690 -0.8292 0.3040
vn -0.0893 -0.9959 -0.0140
vn 0.0082 -0.9526 0.3041
vn 0.0088 -0.9526 0.3041
vn -0.0885 -0.9960 -0.0140
vn 0.5749 -0.8180 -0.0193
vn 0.8180 -0.5750 -0.0193
vn 0.4209 -0.9069 -0.0193
vn 0.9069 -0.4209 -0.0193
vn 0.9959 -0.0889 -0.0193
vn 0.9959 0.0889 -0.0193
vn 0.9069 0.4209 -0.0193
vn 0.8180 0.5749 -0.0193
vn 0.5750 0.8180 -0.0193
vn 0.4209 0.9069 -0.0193
vn 0.0889 0.9959 -0.0193
vn -0.0889 0.9959 -0.0193
vn -0.4209 0.9069 -0.0193
vn -0.5749 0.8180 -0.0193
vn -0.8180 0.5750 -0.0193
vn -0.9069 0.4209 -0.0193
vn -0.9959 0.0889 -0.0193
vn -0.9959 -0.0889 -0.0193
vn -0.9069 -0.4209 -0.0193
vn -0.8180 -0.5749 -0.0193
vn -0.5750 -0.8180 -0.0193
vn -0.4209 -0.9069 -0.0193
vn -0.0893 -0.9958 -0.0188
vn 0.0886 -0.9959 -0.0188
vn 0.0892 -0.9958 -0.0188
vn -0.0886 -0.9959 -0.0188
vn -0.3625 -0.7809 -0.5087
vn -0.0770 -0.8575 -0.5086
vn -0.4951 -0.7044 -0.5087
vn 0.0763 -0.8576 -0.5087
vn -0.7044 -0.4951 -0.5087
vn -0.7810 -0.3624 -0.5087
vn -0.8575 -0.0766 -0.5087
vn -0.8575 0.0766 -0.5087
vn -0.7810 0.3624 -0.5087
vn -0.7044 0.4951 -0.5087
vn -0.4951 0.7044 -0.5087
vn -0.3624 0.7810 -0.5087
vn -0.0766 0.8575 -0.5087
vn 0.0766 0.8575 -0.5087
vn 0.3625 0.7809 -0.5087
vn 0.4951 0.7044 -0.5087
vn 0.7044 0.4951 -0.5087
vn 0.7809 0.3625 -0.5087
vn 0.8575 0.0766 -0.5087
vn 0.8575 -0.0766 -0.5087
vn 0.7809 -0.3625 -0.5087
vn 0.7044 -0.4951 -0.5087
vn 0.4951 -0.7044 -0.5087
vn 0.3624 -0.7810 -0.5087
vn 0.0770 -0.8575 -0.5086
vn -0.0762 -0.8576 -0.5087
vn 0.7124 -0.5007 0.4917
vn 0.5007 -0.7124 0.4917
vn 0.7898 -0.3666 0.4917
vn 0.3666 -0.7899 0.4917
vn 0.8673 -0.0775 0.4917
vn 0.8673 0.0774 0.4917
vn 0.7899 0.3666 0.4917
vn 0.7124 0.5007 0.4917
vn 0.5007 0.7124 0.4917
vn 0.3667 0.7898 0.4917
vn 0.0775 0.8673 0.4917
vn -0.0774 0.8673 0.4917
vn -0.3666 0.7899 0.4917
vn -0.5007 0.7124 0.4917
vn -0.7124 0.5007 0.4917
vn -0.7898 0.3666 0.4917
vn -0.8673 0.0775 0.4917
vn -0.8673 -0.0774 0.4917
vn -0.7899 -0.3666 0.4917
vn -0.7124 -0.5007 0.4917
vn -0.5007 -0.7124 0.4917
vn -0.3666 -0.7898 0.4917
vn -0.0778 -0.8673 0.4916
vn 0.0770 -0.8674 0.4917
vn 0.0778 -0.8673 0.4917
vn -0.0770 -0.8674 0.4917
vn 0.5750 -0.8181 -0.0144
vn 0.9069 -0.4210 -0.0144
vn 0.9959 0.0889 -0.0144
vn 0.8181 0.5750 -0.0144
vn 0.4210 0.9069 -0.0144
vn -0.0889 0.9959 -0.0144
vn -0.5750 0.8181 -0.0144
vn -0.9069 0.4210 -0.0144
vn -0.9959 -0.0889 -0.0144
vn -0.8181 -0.5750 -0.0144
vn -0.4210 -0.9069 -0.0144
vn 0.0885 -0.9960 -0.0141
vn 0.0893 -0.9959 -0.0141
vn 0.5750 -0.8180 -0.0147
vn 0.8180 -0.5750 -0.0147
vn 0.4209 -0.9070 -0.0147
vn 0.9069 -0.4210 -0.0147
vn 0.9959 -0.0889 -0.0147
vn 0.9959 0.0889 -0.0147
vn 0.9070 0.4209 -0.0147
vn 0.8180 0.5750 -0.0147
vn 0.5750 0.8180 -0.0147
vn 0.4210 0.9069 -0.0147
vn 0.0889 0.9959 -0.0147
vn -0.0889 0.9959 -0.0147
vn -0.4209 0.9070 -0.0147
vn -0.5750 0.8180 -0.0147
vn -0.8180 0.5750 -0.0147
vn -0.9069 0.4210 -0.0147
vn -0.9959 0.0889 -0.0147
vn -0.9959 -0.0889 -0.0147
vn -0.9070 -0.4209 -0.0147
vn -0.8180 -0.5750 -0.0147
vn -0.5750 -0.8180 -0.0147
vn -0.4210 -0.9069 -0.0147
vn -0.0893 -0.9959 -0.0143
vn 0.0885 -0.9960 -0.0143
vn 0.0893 -0.9959 -0.0143
vn -0.0885 -0.9960 -0.0143
vn -0.3166 -0.6822 -0.6590
vn -0.0672 -0.7491 -0.6590
vn -0.4325 -0.6153 -0.6590
vn 0.0666 -0.7491 -0.6591
vn -0.6153 -0.4325 -0.6590
vn -0.6822 -0.3166 -0.6590
vn -0.7491 -0.0669 -0.6590
vn -0.7491 0.0669 -0.6590
vn -0.6822 0.3166 -0.6590
vn -0.6153 0.4325 -0.6590
vn -0.4325 0.6153 -0.6590
vn -0.3166 0.6822 -0.6590
vn -0.0669 0.7491 -0.6590
vn 0.0669 0.7491 -0.6590
vn 0.3166 0.6822 -0.6590
vn 0.4325 0.6153 -0.6590
vn 0.6153 0.4325 -0.6590
vn 0.6822 0.3166 -0.6590
vn 0.7491 0.0669 -0.6590
vn 0.7491 -0.0669 -0.6590
vn 0.6822 -0.3166 -0.6590
vn 0.6153 -0.4325 -0.6590
vn 0.4325 -0.6153 -0.6590
vn 0.3166 -0.6822 -0.6590
vn 0.0672 -0.7491 -0.6590
vn -0.0666 -0.7491 -0.6591
vn 0.6275 -0.4411 0.6417
vn 0.4411 -0.6275 0.6417
vn 0.6957 -0.3229 0.6417
vn 0.3229 -0.6957 0.6417
vn 0.7639 -0.0682 0.6417
vn 0.7639 0.0682 0.6417
vn 0.6957 0.3229 0.6417
vn 0.6275 0.4411 0.6417
vn 0.4411 0.6275 0.6417
vn 0.3229 0.6957 0.6417
vn 0.0682 0.7640 0.6417
vn -0.0682 0.7640 0.6417
vn -0.3229 0.6957 0.6417
vn -0.4411 0.6275 0.6417
vn -0.6275 0.4411 0.6417
vn -0.6957 0.3229 0.6417
vn -0.7639 0.0682 0.6417
vn -0.7639 -0.0682 0.6417
vn -0.6957 -0.3229 0.6417
vn -0.6275 -0.4411 0.6417
vn -0.4411 -0.6275 0.6417
vn -0.3229 -0.6957 0.6417
vn -0.0686 -0.7639 0.6416
vn 0.0679 -0.7640 0.6417
vn 0.0686 -0.7639 0.6416
vn -0.0679 -0.7640 0.6417
vn 0.5748 -0.8177 -0.0312
vn 0.8177 -0.5748 -0.0312
vn 0.4208 -0.9066 -0.0312
vn 0.9066 -0.4208 -0.0312
vn 0.9956 -0.0889 -0.0312
vn 0.9956 0.0889 -0.0312
vn 0.9066 0.4208 -0.0312
vn 0.8177 0.5748 -0.0312
vn 0.5748 0.8177 -0.0312
vn 0.4208 0.9066 -0.0312
vn 0.0889 0.9956 -0.0312
vn -0.0889 0.9956 -0.0312
vn -0.4208 0.9066 -0.0312
vn -0.5748 0.8177 -0.0312
vn -0.8177 0.5748 -0.0312
vn -0.9066 0.4208 -0.0312
vn -0.9956 0.0889 -0.0312
vn -0.9956 -0.0889 -0.0312
vn -0.9066 -0.4208 -0.0312
vn -0.8177 -0.5748 -0.0312
vn -0.5748 -0.8177 -0.0312
vn -0.4208 -0.9066 -0.0312
vn -0.0892 -0.9955 -0.0305
vn 0.0886 -0.9956 -0.0305
vn 0.0892 -0.9955 -0.0305
vn -0.0886 -0.9956 -0.0305
vn 0.5747 -0.8176 -0.0343
vn 0.8177 -0.5746 -0.0343
vn 0.4208 -0.9065 -0.0343
vn 0.9065 -0.4207 -0.0343
vn 0.9955 -0.0889 -0.0343
vn 0.9955 0.0889 -0.0343
vn 0.9065 0.4208 -0.0343
vn 0.8176 0.5747 -0.0343
vn 0.5746 0.8177 -0.0343
vn 0.4207 0.9065 -0.0343
vn 0.0889 0.9955 -0.0343
vn -0.0889 0.9955 -0.0343
vn -0.4208 0.9065 -0.0343
vn -0.5747 0.8176 -0.0343
vn -0.8177 0.5746 -0.0343
vn -0.9065 0.4207 -0.0343
vn -0.9955 0.0889 -0.0343
vn -0.9955 -0.0889 -0.0343
vn -0.9065 -0.4208 -0.0343
vn -0.8176 -0.5747 -0.0343
vn -0.5746 -0.8177 -0.0343
vn -0.4207 -0.9065 -0.0343
vn -0.0892 -0.9954 -0.0335
vn 0.0886 -0.9955 -0.0334
vn 0.0892 -0.9954 -0.0334
vn -0.0886 -0.9955 -0.0335
vn 0.1876 -0.1318 -0.9734
vn 0.4671 -0.6646 -0.5832
vn 0.1920 -0.4134 -0.8901
vn 0.7368 -0.3420 -0.5832
vn 0.4540 -0.0404 -0.8901
vn 0.8091 0.0722 -0.5832
vn 0.2785 0.1293 -0.9517
vn 0.6646 0.4671 -0.5832
vn 0.2620 0.3730 -0.8901
vn 0.3420 0.7368 -0.5832
vn 0.0204 0.2284 -0.9733
vn -0.0722 0.8091 -0.5832
vn -0.1920 0.4134 -0.8901
vn -0.4671 0.6646 -0.5832
vn -0.2513 0.1765 -0.9517
vn -0.7368 0.3420 -0.5833
vn -0.4540 0.0404 -0.8901
vn -0.8091 -0.0722 -0.5832
vn -0.2080 -0.0966 -0.9733
vn -0.6646 -0.4671 -0.5832
vn -0.2620 -0.3730 -0.8901
vn -0.3420 -0.7368 -0.5832
vn -0.0274 -0.3058 -0.9517
vn 0.0718 -0.8091 -0.5832
vn 0.0726 -0.8091 -0.5832
vn -0.0271 -0.3058 -0.9517
vn 0.7826 -0.5500 -0.2916
vn 0.4027 -0.8676 -0.2916
vn 0.9528 -0.0850 -0.2916
vn 0.8676 0.4027 -0.2916
vn 0.5500 0.7826 -0.2916
vn 0.0851 0.9528 -0.2916
vn -0.4027 0.8676 -0.2916
vn -0.7826 0.5500 -0.2916
vn -0.9527 0.0851 -0.2916
vn -0.8676 -0.4027 -0.2916
vn -0.5500 -0.7826 -0.2916
vn -0.0854 -0.9527 -0.2916
vn -0.0847 -0.9528 -0.2916
vn 0.6103 -0.3110 -0.7286
vn 0.1396 -0.1986 -0.9701
vn 0.2202 -0.1022 -0.9701
vn 0.3731 -0.5745 -0.7285
vn 0.6840 0.0359 -0.7286
vn 0.2418 0.0216 -0.9701
vn 0.5745 0.3731 -0.7285
vn 0.1986 0.1396 -0.9701
vn 0.3110 0.6103 -0.7286
vn 0.1022 0.2202 -0.9701
vn -0.0359 0.6840 -0.7286
vn -0.0216 0.2418 -0.9701
vn -0.3731 0.5745 -0.7286
vn -0.1396 0.1986 -0.9701
vn -0.6103 0.3110 -0.7286
vn -0.2202 0.1022 -0.9701
vn -0.6840 -0.0359 -0.7286
vn -0.2418 -0.0216 -0.9701
vn -0.5745 -0.3731 -0.7286
vn -0.1986 -0.1396 -0.9701
vn -0.3110 -0.6103 -0.7286
vn -0.1022 -0.2202 -0.9701
vn 0.0354 -0.6841 -0.7285
vn 0.0216 -0.2418 -0.9701
vn 0.0362 -0.6841 -0.7285
vn 0.7842 -0.5511 -0.2853
vn 0.4035 -0.8694 -0.2853
vn 0.9547 -0.0852 -0.2853
vn 0.8694 0.4035 -0.2853
vn 0.5511 0.7842 -0.2853
vn 0.0852 0.9546 -0.2853
vn -0.4035 0.8694 -0.2853
vn -0.7842 0.5511 -0.2853
vn -0.9546 0.0852 -0.2853
vn -0.8694 -0.4035 -0.2853
vn -0.5511 -0.7841 -0.2853
vn -0.0856 -0.9546 -0.2852
vn -0.0849 -0.9547 -0.2853
vn 0.4739 -0.3331 -0.8152
vn 0.3331 -0.4739 -0.8152
vn 0.5254 -0.2438 -0.8152
vn 0.2438 -0.5254 -0.8152
vn 0.5769 -0.0515 -0.8152
vn 0.5769 0.0515 -0.8152
vn 0.5254 0.2438 -0.8152
vn 0.4739 0.3331 -0.8152
vn 0.3331 0.4739 -0.8152
vn 0.2438 0.5254 -0.8152
vn 0.0515 0.5769 -0.8152
vn -0.0515 0.5769 -0.8152
vn -0.2438 0.5254 -0.8152
vn -0.3331 0.4739 -0.8152
vn -0.4739 0.3331 -0.8152
vn -0.5254 0.2438 -0.8152
vn -0.5769 0.0515 -0.8152
vn -0.5769 -0.0515 -0.8152
vn -0.5254 -0.2438 -0.8152
vn -0.4739 -0.3331 -0.8152
vn -0.3331 -0.4739 -0.8152
vn -0.2438 -0.5254 -0.8152
vn -0.0518 -0.5769 -0.8152
vn 0.0511 -0.5769 -0.8152
vn 0.0518 -0.5769 -0.8152
vn -0.0512 -0.5769 -0.8152
vn 0.8189 -0.4826 0.3107
vn 0.5750 -0.8182 -0.0000
vn 0.9071 -0.4210 -0.0000
vn 0.4679 -0.8274 0.3107
vn 0.9505 -0.0085 0.3107
vn 0.9960 0.0889 -0.0000
vn 0.8274 0.4679 0.3107
vn 0.8182 0.5750 -0.0000
vn 0.4826 0.8189 0.3107
vn 0.4210 0.9071 -0.0000
vn 0.0085 0.9505 0.3107
vn -0.0889 0.9960 -0.0000
vn -0.4679 0.8274 0.3107
vn -0.5750 0.8182 -0.0000
vn -0.8189 0.4826 0.3107
vn -0.9071 0.4210 -0.0000
vn -0.9505 0.0085 0.3107
vn -0.9960 -0.0889 -0.0000
vn -0.8274 -0.4679 0.3107
vn -0.8182 -0.5750 -0.0000
vn -0.4826 -0.8189 0.3107
vn -0.4210 -0.9071 -0.0000
vn -0.0088 -0.9505 0.3107
vn 0.0887 -0.9961 -0.0000
vn 0.0893 -0.9960 -0.0000
vn -0.0081 -0.9505 0.3107
vn -0.3163 -0.5227 0.7916
vn -0.0316 -0.3516 0.9356
vn -0.1361 -0.1938 0.9715
vn -0.0129 -0.6109 0.7916
vn -0.5353 -0.2945 0.7916
vn -0.3202 -0.1487 0.9356
vn -0.6109 0.0126 0.7916
vn -0.1765 0.0157 0.9842
vn -0.5227 0.3163 0.7916
vn -0.2889 0.2029 0.9356
vn -0.2945 0.5353 0.7916
vn -0.0997 0.2148 0.9716
vn 0.0126 0.6109 0.7916
vn 0.0313 0.3516 0.9356
vn 0.3163 0.5227 0.7916
vn 0.1019 0.1450 0.9842
vn 0.5353 0.2945 0.7916
vn 0.3202 0.1487 0.9356
vn 0.6109 -0.0126 0.7916
vn 0.2359 -0.0210 0.9715
vn 0.5227 -0.3163 0.7916
vn 0.2889 -0.2029 0.9356
vn 0.2945 -0.5353 0.7916
vn 0.0746 -0.1607 0.9842
vn -0.0122 -0.6109 0.7916
vn -0.0311 -0.3515 0.9357
vn -0.2262 -0.4874 -0.8434
vn -0.0778 -0.8658 -0.4944
vn -0.4998 -0.7111 -0.4945
vn 0.0475 -0.5352 -0.8434
vn -0.4396 -0.3090 -0.8434
vn -0.7884 -0.3659 -0.4945
vn -0.5352 -0.0478 -0.8434
vn -0.8657 0.0773 -0.4945
vn -0.4874 0.2262 -0.8434
vn -0.7111 0.4998 -0.4945
vn -0.3090 0.4396 -0.8434
vn -0.3659 0.7884 -0.4945
vn -0.0478 0.5352 -0.8434
vn 0.0773 0.8657 -0.4945
vn 0.2262 0.4874 -0.8434
vn 0.4998 0.7111 -0.4945
vn 0.4396 0.3090 -0.8434
vn 0.7884 0.3659 -0.4945
vn 0.5352 0.0478 -0.8434
vn 0.8657 -0.0773 -0.4945
vn 0.4874 -0.2262 -0.8434
vn 0.7111 -0.4998 -0.4945
vn 0.3090 -0.4396 -0.8434
vn 0.3659 -0.7884 -0.4945
vn 0.0481 -0.5352 -0.8433
vn -0.0769 -0.8658 -0.4945
vn 0.4640 -0.3261 0.8236
vn 0.5101 -0.7258 0.4615
vn 0.8047 -0.3735 0.4615
vn 0.2388 -0.5144 0.8236
vn 0.5649 -0.0504 0.8236
vn 0.8836 0.0789 0.4615
vn 0.5144 0.2388 0.8236
vn 0.7258 0.5101 0.4615
vn 0.3261 0.4640 0.8236
vn 0.3735 0.8047 0.4615
vn 0.0504 0.5649 0.8236
vn -0.0789 0.8836 0.4615
vn -0.2388 0.5144 0.8236
vn -0.5101 0.7258 0.4615
vn -0.4640 0.3261 0.8236
vn -0.8047 0.3735 0.4615
vn -0.5649 0.0504 0.8236
vn -0.8836 -0.0789 0.4615
vn -0.5144 -0.2388 0.8236
vn -0.7258 -0.5101 0.4615
vn -0.3261 -0.4640 0.8236
vn -0.3735 -0.8047 0.4615
vn -0.0508 -0.5649 0.8236
vn 0.0786 -0.8836 0.4615
vn 0.0793 -0.8836 0.4615
vn -0.0500 -0.5649 0.8236
vn 0.5749 -0.8180 -0.0184
vn 0.8180 -0.5750 -0.0184
vn 0.4209 -0.9069 -0.0184
vn 0.9069 -0.4209 -0.0184
vn 0.9959 -0.0889 -0.0184
vn 0.9959 0.0889 -0.0184
vn 0.9069 0.4209 -0.0184
vn 0.8180 0.5749 -0.0184
vn 0.5750 0.8180 -0.0184
vn 0.4209 0.9069 -0.0184
vn 0.0889 0.9959 -0.0184
vn -0.0889 0.9959 -0.0184
vn -0.4209 0.9069 -0.0184
vn -0.5749 0.8180 -0.0184
vn -0.8180 0.5750 -0.0184
vn -0.9069 0.4209 -0.0184
vn -0.9959 0.0889 -0.0184
vn -0.9959 -0.0889 -0.0184
vn -0.9069 -0.4209 -0.0184
vn -0.8180 -0.5749 -0.0184
vn -0.5750 -0.8180 -0.0184
vn -0.4209 -0.9069 -0.0184
vn -0.0893 -0.9958 -0.0180
vn 0.0886 -0.9959 -0.0180
vn 0.0894 -0.9958 -0.0180
vn -0.0886 -0.9959 -0.0179
vn -0.4425 -0.7480 0.4946
vn -0.0097 -0.8691 0.4946
vn -0.7572 -0.4266 0.4946
vn -0.8691 0.0092 0.4946
vn -0.7480 0.4425 0.4946
vn -0.4266 0.7572 0.4946
vn 0.0092 0.8691 0.4946
vn 0.4425 0.7480 0.4946
vn 0.7572 0.4266 0.4946
vn 0.8691 -0.0092 0.4946
vn 0.7480 -0.4425 0.4946
vn 0.4266 -0.7572 0.4946
vn -0.0087 -0.8691 0.4946
vn -0.4023 -0.8667 0.2950
vn 0.0847 -0.9517 0.2950
vn -0.7817 -0.5494 0.2950
vn -0.9517 -0.0850 0.2950
vn -0.8667 0.4023 0.2950
vn -0.5495 0.7817 0.2950
vn -0.0850 0.9517 0.2950
vn 0.4023 0.8667 0.2950
vn 0.7817 0.5495 0.2950
vn 0.9517 0.0850 0.2950
vn 0.8667 -0.4023 0.2950
vn 0.5494 -0.7817 0.2950
vn 0.0854 -0.9517 0.2950
vn -0.4537 0.0405 -0.8902
vn -0.2507 0.1762 -0.9519
vn -0.2074 -0.0962 -0.9735
vn 0.0203 0.2276 -0.9735
vn 0.1870 -0.1315 -0.9735
vn -0.0273 -0.3052 -0.9519
vn -0.2620 -0.3727 -0.8902
vn 0.1918 -0.4132 -0.8902
vn 0.2780 0.1290 -0.9519
vn 0.4537 -0.0405 -0.8902
vn 0.2620 0.3727 -0.8902
vn -0.1918 0.4132 -0.8902
vn 0.0314 0.3510 0.9359
vn -0.0994 0.2142 0.9717
vn 0.1015 0.1443 0.9843
vn -0.1757 0.0157 0.9843
vn 0.0743 -0.1600 0.9843
vn 0.2352 -0.0210 0.9717
vn 0.3197 0.1484 0.9358
vn 0.2883 -0.2027 0.9358
vn -0.1358 -0.1932 0.9717
vn -0.0314 -0.3510 0.9359
vn -0.3197 -0.1484 0.9358
vn -0.2883 0.2027 0.9358
vn 0.1119 0.7496 -0.6524
vn -0.1744 0.9548 -0.2406
vn 0.0531 0.9801 -0.1912
vn -0.4403 0.7495 -0.4943
vn 0.5799 0.7495 -0.3193
vn 0.2192 0.9712 -0.0933
vn 0.6112 0.7495 0.2543
vn 0.2614 0.9548 0.1411
vn 0.1823 0.7495 0.6364
vn 0.0301 0.9854 0.1673
vn -0.3836 0.7495 0.5395
vn -0.1956 0.9549 0.2234
vn -0.6610 0.7496 0.0361
vn -0.1961 0.9548 0.2232
vn -0.1984 0.9801 -0.0092
vn -0.3843 0.7495 0.5391
vn 0.1179 0.1962 -0.9735
vn -0.6876 0.1962 -0.6991
vn 0.8346 0.1962 -0.5148
vn 0.9228 0.1962 0.3315
vn 0.3162 0.1962 0.9282
vn -0.5286 0.1961 0.8259
vn -0.9753 0.1962 0.1017
vn -0.5286 0.1962 0.8259
vn 0.0719 -0.4828 -0.8728
vn -0.6375 -0.4828 -0.6004
vn 0.7272 -0.4828 -0.4880
vn 0.8349 -0.4828 0.2643
vn 0.3139 -0.4828 0.8175
vn -0.4432 -0.4828 0.7553
vn -0.8669 -0.4828 0.1241
vn -0.4435 -0.4828 0.7551
vn 0.1280 -0.4350 -0.8913
vn -0.6171 -0.4350 -0.6558
vn 0.7766 -0.4350 -0.4557
vn 0.8405 -0.4350 0.3231
vn 0.2714 -0.4350 0.8586
vn -0.5019 -0.4348 0.7477
vn -0.8974 -0.4350 0.0736
vn -0.5023 -0.4350 0.7473
vn 0.2187 0.9714 -0.0929
vn 0.0530 0.9802 -0.1906
vn 0.0299 0.9856 0.1666
vn 0.2608 0.9550 0.1411
vn -0.1976 0.9802 -0.0093
vn -0.1956 0.9550 0.2229
vn -0.1738 0.9551 -0.2401
vn -0.0466 -0.0000 -0.9989
vn -0.8100 -0.0000 -0.5865
vn 0.7520 -0.0000 -0.6592
vn 0.9842 -0.0000 0.1770
vn 0.4754 -0.0000 0.8798
vn -0.3908 0.0001 0.9205
vn -0.9635 -0.0000 0.2677
vn -0.3911 -0.0000 0.9204
vn 0.1683 0.7495 -0.6402
vn -0.1527 0.9548 -0.2549
vn 0.0696 0.9801 -0.1859
vn -0.3956 0.7495 -0.5308
vn 0.6055 0.7495 -0.2675
vn 0.2265 0.9712 -0.0738
vn 0.5867 0.7495 0.3066
vn 0.2481 0.9548 0.1634
vn 0.1261 0.7496 0.6498
vn 0.0154 0.9855 0.1692
vn -0.4292 0.7495 0.5040
vn -0.2143 0.9549 0.2055
vn -0.6616 0.7495 -0.0217
vn -0.2148 0.9548 0.2052
vn -0.1968 0.9801 -0.0265
vn -0.4297 0.7495 0.5036
vn 0.2023 0.1962 -0.9595
vn -0.6240 0.1962 -0.7564
vn 0.8763 0.1962 -0.4401
vn 0.8904 0.1962 0.4107
vn 0.2341 0.1962 0.9522
vn -0.5985 0.1961 0.7767
vn -0.9804 0.1962 0.0163
vn -0.5986 0.1962 0.7766
vn 0.1477 -0.4828 -0.8632
vn -0.5828 -0.4828 -0.6537
vn 0.7670 -0.4828 -0.4227
vn 0.8087 -0.4828 0.3361
vn 0.2415 -0.4828 0.8418
vn -0.5073 -0.4828 0.7138
vn -0.8744 -0.4828 0.0481
vn -0.5076 -0.4828 0.7136
vn 0.2052 -0.4350 -0.8767
vn -0.5576 -0.4350 -0.7070
vn 0.8134 -0.4350 -0.3862
vn 0.8091 -0.4350 0.3951
vn 0.1955 -0.4350 0.8790
vn -0.5651 -0.4348 0.7012
vn -0.9004 -0.4350 -0.0049
vn -0.5655 -0.4350 0.7007
vn 0.2259 0.9714 -0.0735
vn 0.0694 0.9803 -0.1852
vn 0.0153 0.9856 0.1686
vn 0.2475 0.9550 0.1633
vn -0.1959 0.9803 -0.0265
vn -0.2143 0.9550 0.2050
vn -0.1522 0.9550 -0.2545
vn 0.0407 -0.0000 -0.9992
vn -0.7558 -0.0000 -0.6548
vn 0.8066 -0.0000 -0.5911
vn 0.9651 -0.0000 0.2620
vn 0.3969 -0.0000 0.9179
vn -0.4695 -0.0000 0.8830
vn -0.9832 -0.0000 0.1827
vn -0.4698 -0.0000 0.8828
vn 0.3822 0.7495 0.5405
vn 0.2934 0.9548 0.0469
vn 0.0977 0.9801 0.1728
vn 0.6608 0.7496 0.0381
vn -0.1842 0.7495 0.6358
vn -0.0890 0.9712 0.2210
vn -0.6120 0.7495 0.2524
vn -0.2847 0.9548 0.0851
vn -0.5788 0.7496 -0.3211
vn -0.1395 0.9855 -0.0970
vn -0.1102 0.7495 -0.6527
vn -0.0197 0.9549 -0.2963
vn 0.4419 0.7495 -0.4929
vn -0.0191 0.9548 -0.2965
vn 0.1467 0.9801 -0.1337
vn -0.1095 0.7495 -0.6529
vn 0.6050 0.1962 0.7717
vn 0.9805 0.1962 0.0081
vn -0.2261 0.1962 0.9541
vn -0.8870 0.1962 0.4181
vn -0.8799 0.1962 -0.4328
vn -0.2103 0.1962 -0.9577
vn 0.6177 0.1962 -0.7615
vn -0.2102 0.1962 -0.9578
vn 0.5663 -0.4828 0.6680
vn 0.8753 -0.4828 -0.0263
vn -0.1692 -0.4828 0.8592
vn -0.7773 -0.4828 0.4035
vn -0.8001 -0.4828 -0.3561
vn -0.2207 -0.4828 -0.8475
vn 0.5252 -0.4828 -0.7008
vn -0.2204 -0.4828 -0.8475
vn 0.5397 -0.4350 0.7208
vn 0.9000 -0.4350 0.0274
vn -0.2270 -0.4350 0.8714
vn -0.8228 -0.4350 0.3658
vn -0.7990 -0.4350 -0.4152
vn -0.1739 -0.4348 -0.8836
vn 0.5826 -0.4350 -0.6866
vn -0.1733 -0.4350 -0.8836
vn -0.0889 0.9714 0.2203
vn 0.0973 0.9802 0.1723
vn -0.1389 0.9856 -0.0967
vn -0.2842 0.9550 0.0847
vn 0.1463 0.9802 -0.1332
vn -0.0193 0.9550 -0.2959
vn 0.2927 0.9550 0.0470
vn 0.7393 -0.0000 0.6734
vn 0.9874 -0.0000 -0.1580
vn -0.0656 -0.0000 0.9978
vn -0.8210 -0.0000 0.5709
vn -0.9582 -0.0000 -0.2860
vn -0.3746 -0.0000 -0.9272
vn 0.4920 -0.0000 -0.8706
vn -0.3743 -0.0000 -0.9273
vn 0.3822 0.7496 0.5404
vn 0.2935 0.9548 0.0469
vn -0.0890 0.9712 0.2211
vn -0.2103 0.1961 -0.9578
vn 0.0973 0.9802 0.1722
vn -0.2898 0.9169 0.2745
vn -0.5199 0.4709 0.7127
vn -0.0984 0.4704 0.8769
vn -0.7734 0.5714 0.2745
vn 0.3044 0.9121 0.2745
vn 0.2872 0.6400 0.7127
vn 0.7824 0.5590 0.2745
vn 0.3552 0.2036 0.9124
vn 0.9616 -0.0077 0.2745
vn 0.6974 -0.0754 0.7127
vn 0.7734 -0.5714 0.2745
vn 0.3034 -0.2749 0.9124
vn 0.2902 -0.9167 0.2745
vn 0.1439 -0.6864 0.7128
vn -0.3044 -0.9121 0.2745
vn 0.1435 -0.6866 0.7127
vn -0.1969 -0.4384 0.8769
vn 0.2895 -0.9170 0.2745
vn -0.7824 -0.5590 0.2745
vn -0.6085 -0.3489 0.7127
vn -0.9616 0.0077 0.2745
vn -0.3527 0.0383 0.9350
vn -0.3054 0.9203 -0.2445
vn -0.7880 0.5650 -0.2445
vn 0.2939 0.9240 -0.2445
vn 0.7809 0.5748 -0.2445
vn 0.9696 0.0060 -0.2445
vn 0.7880 -0.5650 -0.2445
vn 0.3057 -0.9202 -0.2445
vn -0.2939 -0.9240 -0.2445
vn 0.3050 -0.9204 -0.2445
vn -0.7809 -0.5748 -0.2445
vn -0.9696 -0.0060 -0.2445
vn -0.3616 0.8054 -0.4697
vn -0.7659 0.4390 -0.4697
vn 0.1809 0.8641 -0.4697
vn 0.6542 0.5928 -0.4697
vn 0.8777 0.0950 -0.4697
vn 0.7659 -0.4390 -0.4697
vn 0.3620 -0.8052 -0.4697
vn -0.1809 -0.8641 -0.4697
vn 0.3613 -0.8055 -0.4697
vn -0.6542 -0.5928 -0.4697
vn -0.8777 -0.0950 -0.4697
vn -0.4093 0.9124 -0.0000
vn -0.7412 0.6712 -0.0000
vn -0.2051 0.9787 -0.0000
vn -0.8675 0.4975 -0.0000
vn 0.2051 0.9787 -0.0000
vn 0.4093 0.9124 -0.0000
vn 0.7412 0.6712 -0.0000
vn 0.8674 0.4975 -0.0000
vn 0.9942 0.1075 -0.0000
vn 0.9942 -0.1075 -0.0000
vn 0.8674 -0.4975 -0.0000
vn 0.7412 -0.6712 -0.0000
vn 0.4100 -0.9121 -0.0000
vn 0.2051 -0.9787 -0.0000
vn -0.2049 -0.9788 -0.0000
vn 0.2044 -0.9789 -0.0000
vn -0.4093 -0.9124 -0.0000
vn 0.4093 -0.9124 -0.0000
vn -0.7411 -0.6714 -0.0000
vn -0.8674 -0.4975 -0.0000
vn -0.9942 -0.1076 -0.0000
vn -0.9942 0.1075 -0.0000
vn -0.3439 0.7660 0.5432
vn -0.6222 0.5638 0.5432
vn -0.1720 0.8218 0.5432
vn -0.7284 0.4176 0.5432
vn 0.1720 0.8218 0.5432
vn 0.3439 0.7660 0.5432
vn 0.6222 0.5637 0.5432
vn 0.7285 0.4175 0.5432
vn 0.8347 0.0904 0.5432
vn 0.8347 -0.0904 0.5432
vn 0.7284 -0.4176 0.5432
vn 0.6222 -0.5638 0.5432
vn 0.3443 -0.7658 0.5431
vn 0.1723 -0.8218 0.5432
vn -0.1720 -0.8218 0.5432
vn 0.1716 -0.8220 0.5431
vn -0.3439 -0.7660 0.5432
vn 0.3436 -0.7661 0.5432
vn -0.6222 -0.5637 0.5432
vn -0.7285 -0.4175 0.5432
vn -0.8347 -0.0904 0.5432
vn -0.8347 0.0904 0.5432
vn 0.1436 -0.6866 0.7127
vn 0.3031 -0.2747 0.9125
vn -0.3527 0.0382 0.9350
vn -0.6086 -0.3488 0.7127
vn 0.3549 0.2033 0.9125
vn -0.5198 0.4710 0.7127
vn 0.2873 0.6399 0.7127
vn 0.6973 -0.0755 0.7128
vn -0.8674 -0.4976 -0.0000
vn -0.9942 -0.1073 -0.0000
vn -0.7413 -0.6712 -0.0000
vn -0.9942 0.1073 -0.0000
vn -0.2051 -0.9787 -0.0000
vn 0.7413 -0.6712 -0.0000
vn 0.4099 -0.9121 -0.0000
vn 0.8674 -0.4976 -0.0000
vn 0.9942 -0.1073 -0.0000
vn 0.9942 0.1073 -0.0000
vn 0.8674 0.4976 -0.0000
vn 0.7413 0.6712 -0.0000
vn 0.2052 0.9787 -0.0000
vn -0.2050 0.9788 -0.0000
vn -0.7411 0.6714 -0.0000
vn -0.8674 0.4976 -0.0000
vn 0.7039 -0.6586 0.2661
vn 0.9998 -0.0204 -0.0000
vn 0.9998 -0.0190 0.0075
vn 0.7039 -0.7093 0.0378
vn -0.7044 -0.6826 0.1944
vn 0.7044 -0.7088 0.0379
vn 0.7044 -0.6581 0.2658
vn -0.7044 -0.7087 -0.0379
vn -0.9998 -0.0196 0.0060
vn -0.7038 -0.7093 -0.0378
vn -0.7039 -0.6832 0.1945
vn -0.9998 -0.0205 -0.0000
vn -0.0000 0.9625 -0.2713
vn -0.0000 0.9984 -0.0559
vn -0.0000 0.9265 -0.3764
vn -0.0000 0.9985 0.0551
vn 0.7039 -0.5365 0.4655
vn 0.9998 -0.0161 0.0126
vn -0.7044 -0.5825 0.4055
vn 0.7044 -0.5361 0.4652
vn -0.9998 -0.0161 0.0126
vn -0.7039 -0.5830 0.4058
vn -0.0000 0.8222 -0.5692
vn -0.0000 0.9262 -0.3770
vn -0.0000 0.7541 -0.6568
vn -0.0000 0.9623 -0.2721
vn 0.7039 -0.3563 0.6145
vn 0.9998 -0.0112 0.0171
vn -0.7044 -0.4193 0.5727
vn 0.7044 -0.3560 0.6140
vn -0.9998 -0.0118 0.0167
vn -0.7039 -0.4196 0.5731
vn -0.0000 0.5929 -0.8053
vn -0.0000 0.7536 -0.6573
vn -0.0000 0.4999 -0.8661
vn -0.0000 0.8218 -0.5698
vn 0.7039 -0.1375 0.6969
vn 0.9998 -0.0050 0.0198
vn -0.7044 -0.2107 0.6778
vn 0.7044 -0.1373 0.6964
vn -0.9998 -0.0066 0.0194
vn -0.7039 -0.2108 0.6783
vn -0.0000 0.2993 -0.9542
vn -0.0000 0.4993 -0.8664
vn -0.0000 0.1917 -0.9815
vn -0.0000 0.5923 -0.8057
vn 0.7039 0.0963 0.7038
vn 0.9998 0.0017 0.0204
vn -0.7044 0.0208 0.7095
vn 0.7044 0.0962 0.7033
vn -0.9998 0.0017 0.0204
vn -0.7039 0.0209 0.7100
vn -0.0000 -0.0268 -0.9996
vn -0.0000 0.1909 -0.9816
vn -0.0000 -0.1375 -0.9905
vn -0.0000 0.2986 -0.9544
vn 0.7038 0.3196 0.6344
vn 0.9998 0.0082 0.0187
vn -0.7044 0.2501 0.6642
vn 0.7044 0.3193 0.6339
vn -0.9998 0.0079 0.0189
vn -0.7039 0.2503 0.6648
vn -0.0000 -0.3499 -0.9368
vn -0.0000 -0.1381 -0.9904
vn -0.0000 -0.4516 -0.8922
vn -0.0000 -0.0275 -0.9996
vn 0.7039 0.5082 0.4962
vn 0.9998 0.0139 0.0150
vn -0.7044 0.4522 0.5471
vn 0.7044 0.5078 0.4959
vn -0.9998 0.0132 0.0156
vn -0.7039 0.4526 0.5475
vn -0.0000 -0.6351 -0.7724
vn -0.0000 -0.4522 -0.8919
vn -0.0000 -0.7169 -0.6972
vn -0.0000 -0.3505 -0.9365
vn 0.7039 0.6418 0.3043
vn 0.9998 0.0180 0.0097
vn -0.7044 0.6054 0.3705
vn 0.7044 0.6413 0.3041
vn -0.9998 0.0174 0.0107
vn -0.7039 0.6058 0.3709
vn -0.0000 -0.8515 -0.5243
vn -0.0000 -0.7174 -0.6967
vn -0.0000 -0.9044 -0.4267
vn -0.0000 -0.6356 -0.7720
vn 0.7039 0.7059 0.0794
vn 0.9998 0.0202 0.0034
vn -0.7044 0.6929 0.1540
vn 0.7044 0.7053 0.0794
vn -0.9998 0.0202 0.0034
vn -0.7039 0.6934 0.1541
vn -0.0000 -0.9756 -0.2194
vn -0.0000 -0.9047 -0.4261
vn -0.0000 -0.9939 -0.1100
vn -0.0000 -0.8519 -0.5237
vn 0.7039 0.6934 -0.1541
vn 0.9998 0.0202 -0.0034
vn -0.7044 0.7054 -0.0794
vn 0.7044 0.6928 -0.1541
vn -0.9998 0.0202 -0.0034
vn -0.7039 0.7059 -0.0794
vn -0.0000 -0.9940 0.1092
vn -0.0000 -0.9940 -0.1092
vn -0.0000 -0.9758 0.2187
vn -0.0000 -0.9758 -0.2187
vn 0.7039 0.6058 -0.3709
vn 0.9998 0.0175 -0.0107
vn -0.7044 0.6413 -0.3041
vn 0.7044 0.6929 -0.1539
vn 0.7044 0.6054 -0.3705
vn -0.7044 0.7053 -0.0792
vn -0.9998 0.0184 -0.0092
vn -0.7039 0.6418 -0.3043
vn -0.0000 -0.9047 0.4261
vn -0.0000 -0.9756 0.2194
vn -0.0000 -0.8519 0.5237
vn -0.0000 -0.9939 0.1100
vn 0.7039 0.4526 -0.5475
vn 0.9998 0.0130 -0.0158
vn -0.7044 0.5078 -0.4959
vn 0.7044 0.4522 -0.5471
vn -0.9998 0.0139 -0.0150
vn -0.7039 0.5082 -0.4962
vn -0.0000 -0.7174 0.6967
vn -0.0000 -0.8515 0.5243
vn -0.0000 -0.6356 0.7720
vn -0.0000 -0.9044 0.4267
vn 0.7039 0.2503 -0.6648
vn 0.9998 0.0076 -0.0190
vn -0.7044 0.3193 -0.6339
vn 0.7044 0.2501 -0.6642
vn -0.9998 0.0082 -0.0187
vn -0.7038 0.3196 -0.6344
vn -0.0000 -0.4522 0.8919
vn -0.0000 -0.6351 0.7724
vn -0.0000 -0.3505 0.9365
vn -0.0000 -0.7169 0.6972
vn 0.7039 0.0209 -0.7100
vn 0.9998 0.0017 -0.0204
vn -0.7044 0.0962 -0.7033
vn 0.7044 0.0208 -0.7095
vn -0.9998 0.0017 -0.0204
vn -0.7039 0.0963 -0.7038
vn -0.0000 -0.1381 0.9904
vn -0.0000 -0.3499 0.9368
vn -0.0000 -0.0275 0.9996
vn -0.0000 -0.4516 0.8922
vn 0.7039 -0.2108 -0.6783
vn 0.9998 -0.0061 -0.0196
vn -0.7044 -0.1373 -0.6964
vn 0.7044 -0.2107 -0.6778
vn -0.9998 -0.0039 -0.0201
vn -0.7039 -0.1375 -0.6969
vn -0.0000 0.1909 0.9816
vn -0.0000 -0.0268 0.9996
vn -0.0000 0.2986 0.9544
vn -0.0000 -0.1375 0.9905
vn 0.7039 -0.4196 -0.5731
vn 0.9998 -0.0112 -0.0171
vn -0.7044 -0.3560 -0.6140
vn 0.7044 -0.4193 -0.5727
vn -0.9998 -0.0112 -0.0171
vn -0.7039 -0.3563 -0.6145
vn -0.0000 0.4993 0.8664
vn -0.0000 0.2993 0.9542
vn -0.0000 0.5923 0.8057
vn -0.0000 0.1917 0.9815
vn 0.7039 -0.5830 -0.4058
vn 0.9998 -0.0168 -0.0117
vn -0.7044 -0.5361 -0.4652
vn 0.7044 -0.5825 -0.4055
vn -0.9998 -0.0161 -0.0126
vn -0.7039 -0.5365 -0.4655
vn -0.0000 0.7536 0.6573
vn -0.0000 0.5929 0.8053
vn -0.0000 0.8218 0.5698
vn -0.0000 0.4999 0.8661
vn 0.7039 -0.6832 -0.1945
vn 0.9998 -0.0197 -0.0056
vn -0.7044 -0.6581 -0.2658
vn 0.7044 -0.6826 -0.1944
vn -0.9998 -0.0190 -0.0077
vn -0.7039 -0.6586 -0.2661
vn -0.0000 0.9262 0.3770
vn -0.0000 0.8222 0.5692
vn -0.0000 0.9623 0.2721
vn -0.0000 0.7541 0.6568
vn -0.7044 -0.7088 -0.0379
vn 0.7044 -0.7087 0.0379
vn -0.0000 0.9984 0.0559
vn -0.0000 0.9625 0.2713
vn -0.0000 0.9985 -0.0551
vn -0.0000 0.9265 0.3764
vn 0.8902 0.4303 0.1494
vn 0.8902 -0.3448 -0.2976
vn 0.4454 -0.7576 -0.4771
vn 0.4454 0.7924 0.4168
vn -0.4433 0.7406 0.5049
vn 0.4451 0.7925 0.4169
vn 0.8901 0.4305 0.1496
vn -0.8865 0.3281 0.3262
vn -0.8866 -0.4465 -0.1204
vn -0.8867 0.3278 0.3261
vn -0.4436 0.7405 0.5048
vn -0.4436 -0.8079 -0.3880
vn 0.4451 -0.7578 -0.4771
vn -0.4433 -0.8080 -0.3881
vn -0.8864 -0.4468 -0.1206
vn 0.8901 -0.3450 -0.2977
vn 0.8903 0.3449 0.2973
vn 0.8903 -0.4301 -0.1498
vn 0.4454 -0.7922 -0.4171
vn 0.4454 0.7576 0.4771
vn -0.4433 0.8078 0.3885
vn 0.4451 0.7578 0.4771
vn 0.8901 0.3452 0.2976
vn -0.8866 0.4464 0.1212
vn -0.8868 -0.3280 -0.3257
vn -0.8867 0.4462 0.1209
vn -0.4436 0.8077 0.3884
vn -0.4437 -0.7405 -0.5047
vn 0.4450 -0.7924 -0.4172
vn -0.4433 -0.7407 -0.5048
vn -0.8866 -0.3282 -0.3259
vn 0.8901 -0.4303 -0.1500
vn 0.8904 0.1506 -0.4296
vn 0.8905 -0.2958 0.3459
vn 0.4455 -0.4758 0.7584
vn 0.4454 0.4167 -0.7924
vn -0.4435 0.5031 -0.7417
vn 0.4452 0.4168 -0.7925
vn 0.8902 0.1508 -0.4299
vn -0.8869 0.3237 -0.3296
vn -0.8869 -0.1221 0.4455
vn -0.8870 0.3237 -0.3292
vn -0.4439 0.5030 -0.7416
vn -0.4438 -0.3885 0.8076
vn 0.4452 -0.4758 0.7586
vn -0.4435 -0.3886 0.8077
vn -0.8868 -0.1223 0.4457
vn 0.8903 -0.2959 0.3461
vn 0.8904 0.2968 -0.3452
vn 0.8905 -0.1521 0.4288
vn 0.4455 -0.4195 0.7909
vn 0.4454 0.4782 -0.7569
vn -0.4435 0.3915 -0.8062
vn 0.4451 0.4783 -0.7570
vn 0.8902 0.2969 -0.3455
vn -0.8869 0.1240 -0.4449
vn -0.8869 -0.3246 0.3286
vn -0.8871 0.1238 -0.4446
vn -0.4438 0.3914 -0.8061
vn -0.4438 -0.5053 0.7400
vn 0.4452 -0.4196 0.7910
vn -0.4434 -0.5054 0.7402
vn -0.8868 -0.3247 0.3290
vn 0.8903 -0.1523 0.4291
vn 0.8904 0.3452 -0.2968
vn 0.8905 -0.4290 0.1517
vn 0.4455 -0.7912 0.4190
vn 0.4454 0.7571 -0.4780
vn -0.4435 0.8065 -0.3910
vn 0.4452 0.7572 -0.4780
vn 0.8902 0.3455 -0.2969
vn -0.8869 0.4451 -0.1235
vn -0.8869 -0.3285 0.3247
vn -0.8871 0.4448 -0.1233
vn -0.4438 0.8064 -0.3909
vn -0.4437 -0.7402 0.5052
vn 0.4452 -0.7913 0.4191
vn -0.4435 -0.7403 0.5052
vn -0.8867 -0.3288 0.3249
vn 0.8903 -0.4292 0.1519
vn 0.8910 0.4260 -0.1571
vn 0.8906 -0.3459 0.2954
vn 0.4455 -0.7554 0.4805
vn 0.4458 0.7881 -0.4244
vn -0.4436 0.7394 -0.5065
vn 0.4455 0.7882 -0.4245
vn 0.8909 0.4262 -0.1572
vn -0.8872 0.3303 -0.3221
vn -0.8879 -0.4412 0.1300
vn -0.8874 0.3300 -0.3220
vn -0.4440 0.7392 -0.5064
vn -0.4442 -0.8028 0.3976
vn 0.4453 -0.7556 0.4805
vn -0.4439 -0.8030 0.3978
vn -0.8878 -0.4414 0.1302
vn 0.8904 -0.3462 0.2955
vn 0.8902 0.1492 0.4304
vn 0.8902 -0.2980 -0.3445
vn 0.4454 -0.4774 -0.7574
vn 0.4454 0.4170 0.7923
vn -0.4433 0.5054 0.7403
vn 0.4451 0.4171 0.7924
vn 0.8900 0.1494 0.4307
vn -0.8865 0.3268 0.3277
vn -0.8866 -0.1202 -0.4467
vn -0.8866 0.3267 0.3274
vn -0.4436 0.5054 0.7401
vn -0.4436 -0.3880 -0.8079
vn 0.4451 -0.4775 -0.7576
vn -0.4433 -0.3882 -0.8080
vn -0.8864 -0.1204 -0.4469
vn 0.8901 -0.2981 -0.3448
vn 0.8903 0.2974 0.3449
vn 0.8902 -0.1491 -0.4305
vn 0.4454 -0.4161 -0.7927
vn 0.4454 0.4765 0.7580
vn -0.4433 0.3875 0.8083
vn 0.4451 0.4765 0.7581
vn 0.8901 0.2975 0.3452
vn -0.8865 0.1203 0.4469
vn -0.8867 -0.3259 -0.3280
vn -0.8866 0.1200 0.4467
vn -0.4436 0.3874 0.8082
vn -0.4437 -0.5043 -0.7408
vn 0.4451 -0.4163 -0.7928
vn -0.4434 -0.5043 -0.7410
vn -0.8866 -0.3260 -0.3282
vn 0.8900 -0.1493 -0.4308
vn 0.8903 -0.0853 0.4474
vn 0.8902 -0.0854 -0.4474
vn 0.4455 -0.0349 -0.8946
vn 0.4454 -0.0344 0.8947
vn -0.4433 0.0674 0.8938
vn 0.4451 -0.0345 0.8948
vn 0.8901 -0.0852 0.4477
vn -0.8865 0.1185 0.4472
vn -0.8867 0.1183 -0.4469
vn -0.8867 0.1185 0.4469
vn -0.4436 0.0674 0.8937
vn -0.4436 0.0671 -0.8937
vn 0.4451 -0.0348 -0.8948
vn -0.4433 0.0670 -0.8939
vn -0.8866 0.1182 -0.4472
vn 0.8901 -0.0854 -0.4477
vn 0.8904 0.4474 0.0842
vn 0.8904 -0.4474 0.0840
vn 0.4455 -0.8946 0.0340
vn 0.4455 0.8946 0.0344
vn -0.4434 0.8939 -0.0661
vn 0.4452 0.8948 0.0343
vn 0.8902 0.4477 0.0842
vn -0.8868 0.4472 -0.1166
vn -0.8869 -0.4469 -0.1168
vn -0.8870 0.4469 -0.1166
vn -0.4438 0.8937 -0.0661
vn -0.4437 -0.8937 -0.0664
vn 0.4452 -0.8948 0.0340
vn -0.4434 -0.8939 -0.0664
vn -0.8868 -0.4472 -0.1168
vn 0.8902 -0.4477 0.0839
vn 0.5284 0.6271 -0.5723
vn 0.8793 0.0651 -0.4719
vn 0.5284 0.0388 -0.8481
vn 0.8793 0.3797 -0.2876
vn 0.5284 0.8481 0.0388
vn 0.8792 0.4719 0.0651
vn 0.5284 0.5723 0.6271
vn 0.8793 0.2876 0.3797
vn 0.5284 -0.0388 0.8481
vn 0.8792 -0.0651 0.4719
vn 0.5284 -0.6271 0.5723
vn 0.8793 -0.3797 0.2876
vn 0.5284 -0.8481 -0.0388
vn 0.8792 -0.4719 -0.0651
vn 0.5284 -0.5723 -0.6271
vn 0.8793 -0.2876 -0.3797
vn -0.0000 0.6041 -0.7969
vn -0.0000 -0.1363 -0.9907
vn -0.0000 0.9907 -0.1363
vn -0.0001 0.7969 0.6041
vn -0.0000 0.1363 0.9907
vn -0.0001 -0.6041 0.7969
vn -0.0000 -0.9906 0.1371
vn 0.5286 -0.8480 -0.0391
vn -0.0001 -0.7969 -0.6041
vn 0.5286 -0.8480 -0.0386
vn -0.0000 -0.9906 0.1368
vn 0.8904 0.4474 -0.0836
vn 0.8905 -0.4474 -0.0834
vn 0.4456 -0.8946 -0.0338
vn 0.4455 0.8946 -0.0341
vn -0.4435 0.8939 0.0656
vn 0.4452 0.8948 -0.0340
vn 0.8903 0.4477 -0.0836
vn -0.8869 0.4472 0.1158
vn -0.8870 -0.4469 0.1160
vn -0.8871 0.4469 0.1158
vn -0.4438 0.8937 0.0656
vn -0.4438 -0.8937 0.0660
vn 0.4452 -0.8948 -0.0337
vn -0.4435 -0.8939 0.0660
vn -0.8869 -0.4472 0.1158
vn 0.8903 -0.4477 -0.0834
vn 0.8903 0.0853 0.4474
vn 0.8902 0.0856 -0.4474
vn 0.4454 0.0349 -0.8947
vn 0.4454 0.0345 0.8947
vn -0.4433 -0.0675 0.8938
vn 0.4451 0.0345 0.8948
vn 0.8901 0.0853 0.4477
vn -0.8865 -0.1187 0.4472
vn -0.8867 -0.1185 -0.4469
vn -0.8867 -0.1187 0.4469
vn -0.4436 -0.0676 0.8937
vn -0.4436 -0.0671 -0.8937
vn 0.4451 0.0349 -0.8948
vn -0.4433 -0.0671 -0.8938
vn -0.8865 -0.1184 -0.4472
vn 0.8901 0.0855 -0.4477
vn -0.9998 -0.0205 -0.0010
vn -0.9998 -0.0190 -0.0076
vn -0.7039 -0.7093 -0.0378
vn 0.9998 -0.0193 -0.0066
vn 0.7038 -0.7093 0.0378
vn 0.9998 -0.0205 -0.0000
vn 0.9998 -0.0167 -0.0119
vn -0.9998 -0.0102 -0.0178
vn 0.9998 -0.0122 -0.0165
vn -0.7038 -0.1375 -0.6969
vn -0.9998 -0.0041 -0.0201
vn 0.9998 -0.0050 -0.0198
vn -0.9998 0.0028 -0.0203
vn -0.7039 0.3196 -0.6344
vn -0.9998 0.0092 -0.0183
vn 0.9998 0.0075 -0.0190
vn -0.9998 0.0143 -0.0146
vn 0.9998 0.0139 -0.0150
vn -0.9998 0.0184 -0.0089
vn 0.9998 0.0180 -0.0097
vn -0.9998 0.0203 -0.0023
vn 0.7044 0.6929 -0.1540
vn -0.7044 0.7053 -0.0794
vn 0.7044 0.7054 0.0794
vn -0.7044 0.6928 0.1541
vn -0.9998 0.0176 0.0105
vn -0.7044 0.6929 0.1539
vn 0.7044 0.7053 0.0792
vn -0.0000 -0.9756 -0.2195
vn -0.9998 0.0138 0.0150
vn 0.9998 0.0145 0.0144
vn -0.9998 0.0082 0.0187
vn 0.9998 0.0090 0.0184
vn 0.7039 0.3196 0.6344
vn -0.9998 -0.0061 0.0196
vn -0.7044 -0.2106 0.6778
vn 0.9998 -0.0045 0.0199
vn 0.7038 -0.1375 0.6969
vn -0.9998 -0.0121 0.0165
vn 0.7038 -0.3563 0.6145
vn 0.9998 -0.0156 0.0133
vn -0.9998 -0.0197 0.0056
vn 0.7044 -0.6581 0.2659
vn 0.7038 -0.6586 0.2661
vn -0.0000 0.9623 -0.2720
vn -0.8902 0.4303 -0.1494
vn -0.8903 -0.3448 0.2976
vn -0.4454 -0.7576 0.4771
vn -0.4454 0.7924 -0.4168
vn 0.4433 0.7406 -0.5049
vn -0.4451 0.7925 -0.4169
vn -0.8901 0.4305 -0.1496
vn 0.8865 0.3281 -0.3262
vn 0.8866 -0.4465 0.1204
vn 0.8867 0.3278 -0.3261
vn 0.4436 0.7405 -0.5048
vn 0.4436 -0.8078 0.3880
vn -0.4451 -0.7578 0.4771
vn 0.4433 -0.8080 0.3881
vn 0.8864 -0.4468 0.1206
vn -0.8901 -0.3450 0.2977
vn -0.8903 0.3449 -0.2974
vn -0.8903 -0.4301 0.1498
vn -0.4455 -0.7922 0.4171
vn -0.4454 0.7576 -0.4771
vn 0.4433 0.8078 -0.3885
vn -0.4451 0.7578 -0.4771
vn -0.8901 0.3452 -0.2976
vn 0.8866 0.4464 -0.1212
vn 0.8868 -0.3280 0.3257
vn 0.8867 0.4462 -0.1209
vn 0.4436 0.8076 -0.3885
vn 0.4437 -0.7405 0.5047
vn -0.4450 -0.7924 0.4172
vn 0.4433 -0.7407 0.5048
vn 0.8866 -0.3282 0.3259
vn -0.8901 -0.4303 0.1500
vn -0.8904 0.1506 0.4296
vn -0.8905 -0.2958 -0.3459
vn -0.4455 -0.4758 -0.7584
vn -0.4454 0.4167 0.7924
vn 0.4435 0.5031 0.7417
vn -0.4452 0.4168 0.7925
vn -0.8902 0.1508 0.4299
vn 0.8869 0.3237 0.3296
vn 0.8869 -0.1221 -0.4455
vn 0.8870 0.3237 0.3292
vn 0.4439 0.5030 0.7416
vn 0.4438 -0.3885 -0.8076
vn -0.4452 -0.4758 -0.7586
vn 0.4435 -0.3886 -0.8077
vn 0.8868 -0.1223 -0.4457
vn -0.8903 -0.2959 -0.3461
vn -0.8904 0.2968 0.3452
vn -0.8905 -0.1521 -0.4288
vn -0.4455 -0.4195 -0.7909
vn -0.4454 0.4782 0.7569
vn 0.4435 0.3915 0.8062
vn -0.4451 0.4783 0.7570
vn -0.8902 0.2969 0.3455
vn 0.8869 0.1240 0.4449
vn 0.8870 -0.3246 -0.3285
vn 0.8871 0.1238 0.4446
vn 0.4439 0.3913 0.8061
vn 0.4438 -0.5053 -0.7400
vn -0.4452 -0.4196 -0.7910
vn 0.4434 -0.5054 -0.7402
vn 0.8868 -0.3247 -0.3290
vn -0.8903 -0.1523 -0.4291
vn -0.8904 0.3452 0.2968
vn -0.8905 -0.4290 -0.1517
vn -0.4455 -0.7912 -0.4190
vn -0.4454 0.7571 0.4780
vn 0.4435 0.8065 0.3910
vn -0.4452 0.7572 0.4780
vn -0.8902 0.3455 0.2969
vn 0.8869 0.4451 0.1235
vn 0.8869 -0.3285 -0.3247
vn 0.8871 0.4448 0.1233
vn 0.4438 0.8064 0.3909
vn 0.4437 -0.7402 -0.5052
vn -0.4452 -0.7913 -0.4191
vn 0.4434 -0.7403 -0.5053
vn 0.8867 -0.3288 -0.3249
vn -0.8903 -0.4293 -0.1519
vn -0.8910 0.4259 0.1571
vn -0.8906 -0.3459 -0.2954
vn -0.4456 -0.7554 -0.4805
vn -0.4458 0.7881 0.4244
vn 0.4436 0.7394 0.5065
vn -0.4455 0.7882 0.4245
vn -0.8909 0.4262 0.1572
vn 0.8872 0.3303 0.3221
vn 0.8879 -0.4412 -0.1300
vn 0.8874 0.3300 0.3220
vn 0.4440 0.7392 0.5064
vn 0.4442 -0.8028 -0.3976
vn -0.4453 -0.7556 -0.4805
vn 0.4439 -0.8030 -0.3978
vn 0.8878 -0.4414 -0.1302
vn -0.8904 -0.3462 -0.2955
vn -0.8902 0.1493 -0.4304
vn -0.8902 -0.2980 0.3445
vn -0.4454 -0.4775 0.7573
vn -0.4454 0.4170 -0.7923
vn 0.4433 0.5054 -0.7403
vn -0.4451 0.4171 -0.7924
vn -0.8900 0.1494 -0.4307
vn 0.8865 0.3268 -0.3277
vn 0.8866 -0.1202 0.4466
vn 0.8866 0.3267 -0.3274
vn 0.4436 0.5054 -0.7401
vn 0.4436 -0.3880 0.8079
vn -0.4451 -0.4775 0.7576
vn 0.4433 -0.3882 0.8080
vn 0.8865 -0.1204 0.4469
vn -0.8901 -0.2981 0.3448
vn -0.8903 0.2974 -0.3449
vn -0.8902 -0.1491 0.4305
vn -0.4454 -0.4161 0.7927
vn -0.4454 0.4765 -0.7580
vn 0.4433 0.3875 -0.8083
vn -0.4451 0.4765 -0.7581
vn -0.8901 0.2975 -0.3452
vn 0.8865 0.1203 -0.4469
vn 0.8867 -0.3259 0.3280
vn 0.8866 0.1200 -0.4467
vn 0.4436 0.3874 -0.8082
vn 0.4437 -0.5043 0.7408
vn -0.4451 -0.4163 0.7928
vn 0.4434 -0.5043 0.7410
vn 0.8866 -0.3260 0.3282
vn -0.8900 -0.1493 0.4308
vn -0.8903 -0.0853 -0.4474
vn -0.8903 -0.0854 0.4474
vn -0.4455 -0.0349 0.8946
vn -0.4454 -0.0344 -0.8947
vn 0.4433 0.0674 -0.8938
vn -0.4451 -0.0345 -0.8948
vn -0.8901 -0.0852 -0.4477
vn 0.8865 0.1185 -0.4472
vn 0.8867 0.1183 0.4469
vn 0.8867 0.1185 -0.4469
vn 0.4436 0.0674 -0.8937
vn 0.4436 0.0671 0.8937
vn -0.4451 -0.0348 0.8948
vn 0.4433 0.0670 0.8939
vn 0.8866 0.1182 0.4472
vn -0.8901 -0.0854 0.4477
vn -0.8904 0.4474 -0.0842
vn -0.8904 -0.4474 -0.0840
vn -0.4455 -0.8946 -0.0340
vn -0.4455 0.8946 -0.0344
vn 0.4434 0.8939 0.0661
vn -0.4452 0.8948 -0.0343
vn -0.8902 0.4477 -0.0842
vn 0.8868 0.4472 0.1166
vn 0.8869 -0.4469 0.1168
vn 0.8870 0.4469 0.1166
vn 0.4438 0.8937 0.0661
vn 0.4437 -0.8937 0.0664
vn -0.4452 -0.8948 -0.0340
vn 0.4434 -0.8939 0.0664
vn 0.8868 -0.4472 0.1168
vn -0.8902 -0.4477 -0.0839
vn -0.5284 0.6271 0.5723
vn -0.8792 0.0651 0.4719
vn -0.5284 0.0388 0.8481
vn -0.8793 0.3797 0.2876
vn -0.5284 0.8481 -0.0388
vn -0.8792 0.4719 -0.0651
vn -0.5284 0.5723 -0.6271
vn -0.8793 0.2876 -0.3797
vn -0.5284 -0.0388 -0.8481
vn -0.8793 -0.0651 -0.4719
vn -0.5284 -0.6271 -0.5723
vn -0.8793 -0.3797 -0.2876
vn -0.5284 -0.8481 0.0388
vn -0.8792 -0.4719 0.0651
vn -0.5284 -0.5723 0.6271
vn -0.8793 -0.2876 0.3797
vn -0.0001 0.6041 0.7969
vn -0.0000 -0.1363 0.9907
vn -0.0000 0.9907 0.1363
vn 0.0001 0.7969 -0.6041
vn -0.0000 0.1363 -0.9907
vn -0.0000 -0.6041 -0.7969
vn -0.0000 -0.9906 -0.1371
vn -0.5286 -0.8480 0.0391
vn -0.0000 -0.7969 0.6041
vn -0.5286 -0.8480 0.0386
vn -0.0000 -0.9906 -0.1368
vn -0.8904 0.4474 0.0836
vn -0.8905 -0.4474 0.0834
vn -0.4456 -0.8946 0.0338
vn -0.4455 0.8946 0.0341
vn 0.4435 0.8939 -0.0656
vn -0.4452 0.8948 0.0340
vn -0.8903 0.4477 0.0836
vn 0.8869 0.4472 -0.1158
vn 0.8870 -0.4469 -0.1160
vn 0.8871 0.4469 -0.1158
vn 0.4438 0.8937 -0.0656
vn 0.4438 -0.8937 -0.0660
vn -0.4452 -0.8948 0.0337
vn 0.4435 -0.8939 -0.0660
vn 0.8869 -0.4472 -0.1158
vn -0.8903 -0.4477 0.0834
vn -0.8903 0.0853 -0.4474
vn -0.8902 0.0856 0.4474
vn -0.4454 0.0349 0.8946
vn -0.4454 0.0345 -0.8947
vn 0.4433 -0.0675 -0.8938
vn -0.4451 0.0345 -0.8948
vn -0.8901 0.0853 -0.4477
vn 0.8865 -0.1187 -0.4472
vn 0.8867 -0.1185 0.4469
vn 0.8867 -0.1187 -0.4469
vn 0.4436 -0.0676 -0.8937
vn 0.4436 -0.0671 0.8937
vn -0.4451 0.0349 0.8948
vn 0.4433 -0.0671 0.8938
vn 0.8865 -0.1184 0.4472
vn -0.8901 0.0855 0.4477
vn -0.0000 -0.0000 -1.0000
vn -0.0000 -0.0000 1.0000
vn -0.0000 -0.7562 0.6543
vn -0.0000 -0.1886 0.9821
vn -0.0000 -0.9448 0.3277
vn -0.0000 0.1886 0.9821
vn -0.0000 -0.9448 -0.3277
vn -0.0000 -0.7562 -0.6543
vn -0.0000 -0.1886 -0.9821
vn -0.0000 0.1886 -0.9821
vn -0.0000 0.7557 -0.6549
vn -0.0000 0.9450 -0.3270
vn -0.0000 0.9448 0.3277
vn -0.0000 0.7562 0.6543
vn -0.4985 0.8530 -0.1543
vn 0.6549 -0.7557 -0.0000
vn 0.5044 -0.2110 0.8373
vn 0.6541 0.0013 -0.7564
vn -0.6540 -0.0008 0.7565
vn -0.5123 0.6434 0.5689
vn 0.5000 0.1716 0.8489
vn -0.9820 0.0001 0.1890
vn 0.3270 0.9450 0.0003
vn -0.9992 0.0030 0.0394
vn 0.4985 -0.8530 0.1543
vn 0.9973 -0.0504 -0.0533
vn -0.9973 0.0510 0.0528
vn -0.9992 0.0029 -0.0394
vn 0.9973 -0.0505 0.0533
vn -0.0000 -1.0000 0.0003
vn -0.0000 0.0009 1.0000
vn -0.0000 -1.0000 0.0018
vn -0.0000 -0.0009 -1.0000
vn -0.4569 -0.0000 -0.8895
vn -0.9079 -0.0000 -0.4193
vn -0.2290 -0.0000 -0.9734
vn 0.4569 -0.0000 -0.8895
vn 0.9079 -0.0000 -0.4193
vn 0.2290 -0.0000 -0.9734
vn -0.0000 -0.9842 -0.1770
vn -0.0000 -0.9899 -0.1421
vn -0.0000 -0.9773 -0.2118
vn -0.9970 -0.0016 0.0770
vn -0.9933 -0.0024 0.1154
vn -0.9931 0.0001 0.1170
vn -0.9993 -0.0017 0.0380
vn -0.0000 0.9515 0.3076
vn -0.0000 0.9521 0.3059
vn -0.0000 0.9514 0.3081
vn 0.9970 -0.0017 0.0768
vn 0.9934 -0.0023 0.1150
vn 0.9934 0.0001 0.1146
vn 0.9993 -0.0017 0.0385
vn -0.0000 -0.9519 -0.3065
vn -0.0000 -0.9307 -0.3658
vn -0.9953 -0.0407 0.0881
vn -0.9811 -0.0826 0.1749
vn -0.0000 0.9338 0.3579
vn -0.0000 0.9140 0.4058
vn 0.9953 -0.0402 0.0876
vn 0.9811 -0.0826 0.1748
vn -0.0000 -0.9327 -0.3607
vn -0.0000 -0.9551 -0.2961
vn -0.9811 -0.0826 0.1748
vn -0.9953 -0.0419 0.0868
vn -0.0000 0.9253 0.3793
vn -0.0000 0.9529 0.3032
vn 0.9953 -0.0422 0.0874
vn -0.0000 -0.9880 -0.1545
vn -0.0000 -0.9970 -0.0773
vn -0.0000 0.9885 0.1512
vn -0.0000 0.9971 0.0756
vn 0.4569 0.8895 -0.0000
vn 0.9079 0.4193 -0.0000
vn 0.2290 0.9734 -0.0000
vn -0.4569 0.8895 -0.0000
vn -0.9079 0.4193 -0.0000
vn -0.2290 0.9734 -0.0000
vn -0.0000 0.9239 0.3827
vn -0.0000 0.3827 0.9239
vn -0.0000 0.9776 -0.2106
vn -0.0000 0.7249 -0.6889
vn -0.0000 0.7249 -0.6888
vn -0.0000 0.3129 -0.9498
vn -0.0000 0.1565 -0.9877
vn -0.0000 0.9780 0.2084
vn -0.0000 0.9094 0.4160
vn -0.0000 0.9094 0.4159
vn -0.0000 0.9781 0.2083
vn -0.0000 0.9780 0.2085
vt 0.604138 0.228584
vt 0.597652 0.141817
vt 0.604139 0.149402
vt 0.597651 0.236167
vt 0.703901 0.281466
vt 0.668787 0.143679
vt 0.703901 0.143679
vt 0.668787 0.281466
vt 0.652341 0.149261
vt 0.657590 0.141794
vt 0.645107 0.199999
vt 0.609980 0.282001
vt 0.645085 0.282001
vt 0.610063 0.199999
vt 0.673663 0.362061
vt 0.663403 0.288894
vt 0.663391 0.361740
vt 0.673680 0.288894
vt 0.653118 0.361420
vt 0.653126 0.288894
vt 0.663962 0.385170
vt 0.656539 0.378062
vt 0.649116 0.370955
vt 0.641295 0.395865
vt 0.640530 0.385617
vt 0.639763 0.375368
vt 0.592950 0.395963
vt 0.592950 0.385686
vt 0.592950 0.375408
vt 0.673663 0.361984
vt 0.663391 0.361664
vt 0.653118 0.361343
vt 0.663962 0.385094
vt 0.656539 0.377986
vt 0.649116 0.370878
vt 0.641295 0.395789
vt 0.640530 0.385540
vt 0.639763 0.375291
vt 0.592950 0.395886
vt 0.592950 0.385609
vt 0.592950 0.375331
vt 0.029449 0.304407
vt 0.000500 0.297951
vt 0.029449 0.297951
vt 0.000500 0.304407
vt 0.058398 0.304407
vt 0.058398 0.297951
vt 0.087347 0.304407
vt 0.087347 0.297951
vt 0.116295 0.304407
vt 0.116295 0.297951
vt 0.145244 0.304407
vt 0.145244 0.297951
vt 0.174193 0.304407
vt 0.174193 0.297951
vt 0.203142 0.304407
vt 0.203142 0.297951
vt 0.232091 0.304407
vt 0.232091 0.297950
vt 0.261039 0.304407
vt 0.261039 0.297950
vt 0.289988 0.304407
vt 0.289988 0.297950
vt 0.318937 0.304407
vt 0.318937 0.297950
vt 0.347886 0.304407
vt 0.347886 0.297951
vt 0.289988 0.261654
vt 0.318937 0.268333
vt 0.289988 0.268333
vt 0.318937 0.261654
vt 0.261039 0.261654
vt 0.261039 0.268333
vt 0.232091 0.261654
vt 0.232091 0.268333
vt 0.203142 0.261654
vt 0.203142 0.268333
vt 0.174193 0.261654
vt 0.174193 0.268333
vt 0.145244 0.261654
vt 0.145244 0.268333
vt 0.116295 0.261654
vt 0.116295 0.268333
vt 0.087347 0.261654
vt 0.087347 0.268333
vt 0.058398 0.261654
vt 0.058398 0.268333
vt 0.029452 0.261618
vt 0.029452 0.268298
vt 0.000504 0.261618
vt 0.000503 0.268298
vt 0.347886 0.268333
vt 0.347886 0.261654
vt 0.318937 0.963869
vt 0.289988 0.963869
vt 0.261039 0.963869
vt 0.232091 0.963869
vt 0.203142 0.963869
vt 0.174193 0.963869
vt 0.145244 0.963869
vt 0.116295 0.963869
vt 0.087347 0.963869
vt 0.058403 0.963863
vt 0.029454 0.963863
vt 0.000505 0.963863
vt 0.347886 0.963869
vt 0.029449 0.268333
vt 0.000500 0.268333
vt 0.029449 0.235661
vt 0.000500 0.229223
vt 0.029449 0.229223
vt 0.000500 0.235661
vt 0.058398 0.235661
vt 0.058398 0.229223
vt 0.087347 0.235662
vt 0.087347 0.229223
vt 0.116295 0.235662
vt 0.116295 0.229223
vt 0.145244 0.235662
vt 0.145244 0.229223
vt 0.174193 0.235661
vt 0.174193 0.229223
vt 0.203142 0.235661
vt 0.203142 0.229223
vt 0.232091 0.235661
vt 0.232091 0.229223
vt 0.261039 0.235661
vt 0.261039 0.229223
vt 0.289988 0.235661
vt 0.289988 0.229223
vt 0.318937 0.235661
vt 0.318937 0.229223
vt 0.347886 0.235661
vt 0.347886 0.229223
vt 0.289988 0.174494
vt 0.318937 0.181161
vt 0.289988 0.181161
vt 0.318937 0.174494
vt 0.261039 0.174494
vt 0.261039 0.181161
vt 0.232091 0.174494
vt 0.232091 0.181161
vt 0.203142 0.174494
vt 0.203142 0.181161
vt 0.174193 0.174494
vt 0.174193 0.181161
vt 0.145244 0.174494
vt 0.145244 0.181161
vt 0.116295 0.174494
vt 0.116295 0.181161
vt 0.087347 0.174494
vt 0.087347 0.181161
vt 0.058398 0.174494
vt 0.058398 0.181161
vt 0.029452 0.174459
vt 0.029452 0.181126
vt 0.000504 0.174459
vt 0.000504 0.181126
vt 0.347886 0.181161
vt 0.347886 0.174494
vt 0.029449 0.261654
vt 0.000500 0.261654
vt 0.029449 0.181161
vt 0.000500 0.181161
vt 0.029449 0.151410
vt 0.000500 0.145000
vt 0.029449 0.145000
vt 0.000500 0.151410
vt 0.058398 0.151410
vt 0.058398 0.145000
vt 0.087347 0.151410
vt 0.087347 0.145000
vt 0.116295 0.151410
vt 0.116295 0.145000
vt 0.145244 0.151410
vt 0.145244 0.145000
vt 0.174193 0.151410
vt 0.174193 0.145000
vt 0.203142 0.151410
vt 0.203142 0.145000
vt 0.232091 0.151410
vt 0.232091 0.145000
vt 0.261039 0.151410
vt 0.261039 0.145000
vt 0.289988 0.151410
vt 0.289988 0.145000
vt 0.318937 0.151410
vt 0.318937 0.145000
vt 0.347886 0.151410
vt 0.347886 0.145000
vt 0.289988 0.095474
vt 0.318937 0.102149
vt 0.289988 0.102149
vt 0.318937 0.095474
vt 0.261039 0.095474
vt 0.261039 0.102149
vt 0.232091 0.095474
vt 0.232091 0.102149
vt 0.203142 0.095474
vt 0.203142 0.102149
vt 0.174193 0.095474
vt 0.174193 0.102149
vt 0.145244 0.095474
vt 0.145244 0.102149
vt 0.116295 0.095474
vt 0.116295 0.102149
vt 0.087347 0.095474
vt 0.087347 0.102149
vt 0.058398 0.095474
vt 0.058398 0.102149
vt 0.029452 0.095439
vt 0.029452 0.102114
vt 0.000504 0.095439
vt 0.000504 0.102114
vt 0.347886 0.102149
vt 0.347886 0.095474
vt 0.029449 0.174494
vt 0.000500 0.174494
vt 0.029449 0.102149
vt 0.000500 0.102149
vt 0.289988 0.999494
vt 0.318937 0.998111
vt 0.318937 0.999494
vt 0.289988 0.998111
vt 0.261039 0.999494
vt 0.261039 0.998111
vt 0.232091 0.999494
vt 0.232091 0.998111
vt 0.203142 0.999494
vt 0.203142 0.998111
vt 0.174193 0.999494
vt 0.174193 0.998111
vt 0.145244 0.999494
vt 0.145244 0.998111
vt 0.116295 0.999494
vt 0.116295 0.998111
vt 0.087347 0.999494
vt 0.087347 0.998111
vt 0.058403 0.999489
vt 0.058403 0.998106
vt 0.029454 0.999489
vt 0.029454 0.998106
vt 0.000505 0.999489
vt 0.000505 0.998106
vt 0.347886 0.998111
vt 0.347886 0.999494
vt 0.289988 0.995121
vt 0.318937 0.995121
vt 0.261039 0.995121
vt 0.232091 0.995121
vt 0.203142 0.995121
vt 0.174193 0.995121
vt 0.145244 0.995121
vt 0.116295 0.995121
vt 0.087347 0.995121
vt 0.058403 0.995115
vt 0.029454 0.995115
vt 0.000505 0.995115
vt 0.347886 0.995121
vt 0.289988 0.993577
vt 0.318937 0.993577
vt 0.261039 0.993577
vt 0.232091 0.993577
vt 0.203142 0.993577
vt 0.174193 0.993577
vt 0.145244 0.993577
vt 0.116295 0.993577
vt 0.087347 0.993577
vt 0.058403 0.993572
vt 0.029454 0.993572
vt 0.000505 0.993572
vt 0.347886 0.993577
vt 0.289988 0.988192
vt 0.318937 0.988192
vt 0.261039 0.988192
vt 0.232091 0.988192
vt 0.203142 0.988192
vt 0.174193 0.988192
vt 0.145244 0.988192
vt 0.116295 0.988192
vt 0.087347 0.988192
vt 0.058403 0.988187
vt 0.029454 0.988187
vt 0.000505 0.988187
vt 0.347886 0.988192
vt 0.289988 0.982624
vt 0.318937 0.982624
vt 0.261039 0.982624
vt 0.232091 0.982624
vt 0.203142 0.982624
vt 0.174193 0.982624
vt 0.145244 0.982624
vt 0.116295 0.982624
vt 0.087347 0.982624
vt 0.058403 0.982619
vt 0.029454 0.982619
vt 0.000505 0.982619
vt 0.347886 0.982624
vt 0.289988 0.975008
vt 0.318937 0.975008
vt 0.261039 0.975008
vt 0.232091 0.975008
vt 0.203142 0.975008
vt 0.174193 0.975008
vt 0.145244 0.975008
vt 0.116295 0.975008
vt 0.087347 0.975008
vt 0.058403 0.975002
vt 0.029454 0.975002
vt 0.000505 0.975002
vt 0.347886 0.975008
vt 0.029449 0.009572
vt 0.000500 0.000493
vt 0.029449 0.000493
vt 0.000500 0.009572
vt 0.058398 0.009572
vt 0.058398 0.000493
vt 0.087347 0.009572
vt 0.087347 0.000493
vt 0.116295 0.009572
vt 0.116295 0.000493
vt 0.145244 0.009572
vt 0.145244 0.000493
vt 0.174193 0.009572
vt 0.174193 0.000493
vt 0.203142 0.009572
vt 0.203142 0.000493
vt 0.232091 0.009572
vt 0.232091 0.000493
vt 0.261039 0.009572
vt 0.261039 0.000493
vt 0.289988 0.009572
vt 0.289988 0.000493
vt 0.318937 0.009572
vt 0.318937 0.000493
vt 0.347886 0.009572
vt 0.347886 0.000493
vt 0.029449 0.072864
vt 0.000504 0.069673
vt 0.029452 0.069673
vt 0.000500 0.072864
vt 0.058398 0.072864
vt 0.058398 0.069709
vt 0.087347 0.072864
vt 0.087347 0.069709
vt 0.116295 0.072864
vt 0.116295 0.069709
vt 0.145244 0.072864
vt 0.145244 0.069709
vt 0.174193 0.072864
vt 0.174193 0.069709
vt 0.203142 0.072864
vt 0.203142 0.069709
vt 0.232091 0.072864
vt 0.232091 0.069709
vt 0.261039 0.072864
vt 0.261039 0.069709
vt 0.289988 0.072864
vt 0.289988 0.069709
vt 0.318937 0.072864
vt 0.318937 0.069709
vt 0.347886 0.072864
vt 0.347886 0.069709
vt 0.289988 0.060016
vt 0.318937 0.063350
vt 0.289988 0.063350
vt 0.318937 0.060016
vt 0.261039 0.060016
vt 0.261039 0.063350
vt 0.232091 0.060016
vt 0.232091 0.063350
vt 0.203142 0.060016
vt 0.203142 0.063350
vt 0.174193 0.060016
vt 0.174193 0.063350
vt 0.145244 0.060016
vt 0.145244 0.063350
vt 0.116295 0.060016
vt 0.116295 0.063350
vt 0.087347 0.060016
vt 0.087347 0.063350
vt 0.058398 0.060016
vt 0.058398 0.063350
vt 0.029452 0.059980
vt 0.029452 0.063315
vt 0.000504 0.059980
vt 0.000504 0.063315
vt 0.347886 0.063350
vt 0.347886 0.060016
vt 0.029449 0.095474
vt 0.000500 0.095474
vt 0.029449 0.028236
vt 0.000500 0.028236
vt 0.058398 0.028236
vt 0.087347 0.028236
vt 0.116295 0.028236
vt 0.145244 0.028236
vt 0.174193 0.028236
vt 0.203142 0.028236
vt 0.232091 0.028236
vt 0.261039 0.028236
vt 0.289988 0.028236
vt 0.318937 0.028236
vt 0.347886 0.028236
vt 0.029449 0.060016
vt 0.000500 0.060016
vt 0.992748 0.755662
vt 0.983972 0.788414
vt 0.983972 0.722910
vt 0.927245 0.821165
vt 0.870518 0.722910
vt 0.927245 0.690159
vt 0.959996 0.698934
vt 0.894493 0.698935
vt 0.870518 0.788414
vt 0.861742 0.755662
vt 0.894493 0.812389
vt 0.959996 0.812389
vt 0.945943 0.788049
vt 0.959631 0.774360
vt 0.927245 0.793059
vt 0.959631 0.736964
vt 0.894858 0.736964
vt 0.894858 0.774360
vt 0.908546 0.788049
vt 0.889848 0.755662
vt 0.927245 0.718265
vt 0.908546 0.723275
vt 0.945943 0.723275
vt 0.964642 0.755662
vt 0.738736 0.063545
vt 0.747137 0.070406
vt 0.737881 0.070406
vt 0.747137 0.063545
vt 0.730718 0.063545
vt 0.729853 0.070406
vt 0.723098 0.063545
vt 0.722763 0.070406
vt 0.715633 0.063545
vt 0.715968 0.070406
vt 0.708013 0.063545
vt 0.708878 0.070406
vt 0.755537 0.063545
vt 0.764421 0.070406
vt 0.756392 0.070406
vt 0.763556 0.063545
vt 0.738849 0.057401
vt 0.747137 0.057401
vt 0.730846 0.057401
vt 0.723151 0.057401
vt 0.715580 0.057401
vt 0.707885 0.057401
vt 0.755424 0.057401
vt 0.763428 0.057401
vt 0.738825 0.050991
vt 0.747137 0.050991
vt 0.730818 0.050991
vt 0.723139 0.050991
vt 0.715592 0.050991
vt 0.707914 0.050991
vt 0.755449 0.050991
vt 0.763456 0.050991
vt 0.738363 0.045597
vt 0.747137 0.045597
vt 0.730319 0.045597
vt 0.722939 0.045597
vt 0.715792 0.045597
vt 0.708412 0.045597
vt 0.755911 0.045597
vt 0.763954 0.045597
vt 0.743721 0.080491
vt 0.741832 0.088763
vt 0.729945 0.073857
vt 0.738430 0.073857
vt 0.726543 0.088763
vt 0.724655 0.080491
vt 0.734188 0.092445
vt 0.738363 0.029585
vt 0.747137 0.029585
vt 0.730319 0.029585
vt 0.722939 0.029585
vt 0.715792 0.029585
vt 0.708412 0.029585
vt 0.755911 0.029585
vt 0.763954 0.029585
vt 0.821673 0.044225
vt 0.810745 0.039791
vt 0.821673 0.039791
vt 0.810745 0.044225
vt 0.832601 0.044225
vt 0.832601 0.039791
vt 0.843529 0.044225
vt 0.843529 0.039791
vt 0.854458 0.044225
vt 0.854458 0.039791
vt 0.865386 0.044225
vt 0.865386 0.039791
vt 0.873690 0.044225
vt 0.873690 0.039791
vt 0.777960 0.044225
vt 0.769036 0.039791
vt 0.777960 0.039791
vt 0.769036 0.044225
vt 0.788888 0.044225
vt 0.788888 0.039791
vt 0.799816 0.044225
vt 0.799816 0.039791
vt 0.821673 0.051476
vt 0.810745 0.051476
vt 0.832601 0.051476
vt 0.843529 0.051476
vt 0.854458 0.051476
vt 0.865386 0.051476
vt 0.873690 0.051476
vt 0.777960 0.051476
vt 0.769036 0.051476
vt 0.788888 0.051476
vt 0.799816 0.051476
vt 0.821673 0.056462
vt 0.810745 0.056462
vt 0.832601 0.056462
vt 0.843529 0.056462
vt 0.854458 0.056462
vt 0.865386 0.056462
vt 0.873690 0.056462
vt 0.777960 0.056462
vt 0.769036 0.056462
vt 0.788888 0.056462
vt 0.799816 0.056462
vt 0.821673 0.071947
vt 0.810745 0.071947
vt 0.832601 0.071947
vt 0.843529 0.071947
vt 0.854458 0.071947
vt 0.865386 0.071947
vt 0.873690 0.071947
vt 0.777960 0.071947
vt 0.769036 0.071947
vt 0.788888 0.071947
vt 0.799816 0.071947
vt 0.821673 0.080139
vt 0.810745 0.080139
vt 0.832601 0.080139
vt 0.843529 0.080139
vt 0.854458 0.080139
vt 0.865386 0.080139
vt 0.873690 0.080139
vt 0.777961 0.080135
vt 0.769038 0.080135
vt 0.788888 0.080139
vt 0.799816 0.080139
vt 0.819997 0.142461
vt 0.828599 0.148711
vt 0.809364 0.142461
vt 0.797476 0.158823
vt 0.800761 0.148711
vt 0.828599 0.168936
vt 0.809364 0.175186
vt 0.800761 0.168936
vt 0.819997 0.175186
vt 0.831885 0.158823
vt 0.799816 0.136075
vt 0.788888 0.136075
vt 0.777961 0.136072
vt 0.769040 0.136069
vt 0.873690 0.136075
vt 0.865386 0.136075
vt 0.854458 0.136075
vt 0.843529 0.136075
vt 0.832601 0.136075
vt 0.821673 0.136075
vt 0.810745 0.136075
vt 0.776754 0.303691
vt 0.758235 0.236374
vt 0.748613 0.294030
vt 0.787987 0.236374
vt 0.435907 0.024642
vt 0.373428 0.002289
vt 0.435907 0.002289
vt 0.373428 0.024642
vt 0.556412 0.252643
vt 0.528399 0.188876
vt 0.528399 0.252643
vt 0.556412 0.188876
vt 0.744271 0.363712
vt 0.720793 0.345438
vt 0.498862 0.024641
vt 0.498862 0.002289
vt 0.556412 0.252643
vt 0.528399 0.252643
vt 0.694060 0.409935
vt 0.677787 0.385028
vt 0.561730 0.024641
vt 0.561730 0.002289
vt 0.631561 0.437350
vt 0.624258 0.408508
vt 0.624479 0.024642
vt 0.624479 0.002289
vt 0.563547 0.442986
vt 0.566004 0.413335
vt 0.687092 0.024642
vt 0.687092 0.002290
vt 0.556412 0.252643
vt 0.497388 0.426232
vt 0.509339 0.398986
vt 0.749565 0.024643
vt 0.749565 0.002290
vt 0.440253 0.388904
vt 0.460404 0.367015
vt 0.811912 0.024644
vt 0.811912 0.002291
vt 0.556412 0.188876
vt 0.398335 0.335047
vt 0.424501 0.320887
vt 0.874157 0.024645
vt 0.874157 0.002292
vt 0.376175 0.270498
vt 0.405522 0.265601
vt 0.936338 0.024646
vt 0.936338 0.002293
vt 0.376175 0.202250
vt 0.405522 0.207147
vt 0.998497 0.024646
vt 0.998497 0.002294
vt 0.398335 0.137701
vt 0.424501 0.151861
vt 0.874680 0.024647
vt 0.874680 0.002294
vt 0.440253 0.083844
vt 0.460404 0.105733
vt 0.812435 0.024647
vt 0.812435 0.002294
vt 0.497388 0.046516
vt 0.509339 0.073763
vt 0.750088 0.024647
vt 0.750088 0.002294
vt 0.563547 0.029763
vt 0.566004 0.059413
vt 0.687615 0.024646
vt 0.687615 0.002294
vt 0.631561 0.035398
vt 0.624257 0.064240
vt 0.625002 0.024646
vt 0.625002 0.002293
vt 0.694060 0.062813
vt 0.677787 0.087721
vt 0.562253 0.024645
vt 0.562253 0.002292
vt 0.744271 0.109036
vt 0.720793 0.127310
vt 0.499385 0.024644
vt 0.499385 0.002291
vt 0.776754 0.169057
vt 0.748613 0.178718
vt 0.436430 0.024643
vt 0.436430 0.002290
vt 0.584432 0.398731
vt 0.579820 0.075991
vt 0.579820 0.398731
vt 0.584432 0.075991
vt 0.571703 0.075991
vt 0.579810 0.398734
vt 0.579810 0.075991
vt 0.571703 0.398734
vt 0.584424 0.398733
vt 0.589036 0.075991
vt 0.589036 0.398733
vt 0.584424 0.075991
vt 0.579809 0.075991
vt 0.571700 0.398733
vt 0.571700 0.075991
vt 0.579809 0.398733
vt 0.506920 0.105722
vt 0.531632 0.106525
vt 0.531632 0.095486
vt 0.514726 0.113528
vt 0.496685 0.130434
vt 0.507724 0.130434
vt 0.506920 0.155145
vt 0.514726 0.147339
vt 0.531632 0.165381
vt 0.531632 0.154342
vt 0.556343 0.155145
vt 0.548538 0.147339
vt 0.566579 0.130434
vt 0.555540 0.130434
vt 0.556343 0.105722
vt 0.548538 0.113528
vt 0.497974 0.239719
vt 0.514995 0.219132
vt 0.497974 0.219132
vt 0.514995 0.239719
vt 0.497974 0.260305
vt 0.514995 0.260305
vt 0.497974 0.280891
vt 0.514995 0.280891
vt 0.497974 0.301478
vt 0.514995 0.301478
vt 0.497974 0.322064
vt 0.514995 0.322064
vt 0.497974 0.342650
vt 0.514995 0.342650
vt 0.497974 0.198546
vt 0.514995 0.177960
vt 0.497974 0.177960
vt 0.514994 0.198546
vt 0.508961 0.107763
vt 0.531632 0.108500
vt 0.531632 0.098372
vt 0.516122 0.114924
vt 0.499570 0.130434
vt 0.509698 0.130434
vt 0.508961 0.153105
vt 0.516122 0.145943
vt 0.531632 0.162495
vt 0.531632 0.152368
vt 0.554303 0.153105
vt 0.547142 0.145943
vt 0.563694 0.130434
vt 0.553566 0.130434
vt 0.554303 0.107763
vt 0.547142 0.114924
vt 0.650516 0.540254
vt 0.374937 0.495532
vt 0.374937 0.540254
vt 0.650516 0.495532
vt 0.650340 0.444594
vt 0.374952 0.495522
vt 0.374952 0.444594
vt 0.650340 0.495522
vt 0.650516 0.495532
vt 0.713609 0.534171
vt 0.653409 0.452386
vt 0.653409 0.534171
vt 0.713609 0.452386
vt 0.712962 0.533386
vt 0.654260 0.451601
vt 0.712962 0.451601
vt 0.654260 0.533386
vt 0.492168 0.123889
vt 0.492168 0.140485
vt 0.477795 0.115590
vt 0.463422 0.140485
vt 0.463422 0.123889
vt 0.477795 0.148783
vt 0.477637 0.149008
vt 0.483169 0.343619
vt 0.477637 0.343619
vt 0.483169 0.149008
vt 0.472104 0.149008
vt 0.472104 0.343619
vt 0.466572 0.149008
vt 0.466572 0.343619
vt 0.461040 0.149008
vt 0.461040 0.343619
vt 0.488701 0.149008
vt 0.494233 0.343619
vt 0.488701 0.343619
vt 0.494233 0.149008
vt 0.833493 0.619794
vt 0.865141 0.658483
vt 0.865141 0.619794
vt 0.833493 0.658483
vt 0.901703 0.539140
vt 0.869127 0.571499
vt 0.901703 0.571470
vt 0.869117 0.539169
vt 0.833465 0.658483
vt 0.865113 0.619794
vt 0.865113 0.658483
vt 0.833465 0.619794
vt 0.755787 0.597691
vt 0.833465 0.597691
vt 0.755787 0.619794
vt 0.869287 0.574423
vt 0.901630 0.596834
vt 0.869287 0.596834
vt 0.901630 0.574423
vt 0.755815 0.619794
vt 0.833493 0.597691
vt 0.755815 0.597691
vt 0.901628 0.574423
vt 0.869147 0.596834
vt 0.901628 0.596834
vt 0.869147 0.574423
vt 0.755815 0.680586
vt 0.833493 0.680586
vt 0.755815 0.658483
vt 0.901630 0.574458
vt 0.869287 0.596869
vt 0.901630 0.596869
vt 0.869287 0.574458
vt 0.755787 0.658483
vt 0.833465 0.680586
vt 0.755787 0.680586
vt 0.869147 0.574458
vt 0.901628 0.596869
vt 0.869147 0.596869
vt 0.901628 0.574458
vt 0.901571 0.597921
vt 0.869324 0.676479
vt 0.901573 0.676450
vt 0.869185 0.597949
vt 0.968569 0.446170
vt 0.974198 0.476462
vt 0.968569 0.476462
vt 0.974198 0.446170
vt 0.902525 0.476462
vt 0.896895 0.446170
vt 0.902525 0.446170
vt 0.896895 0.476462
vt 0.643924 0.607531
vt 0.643924 0.670746
vt 0.709940 0.756457
vt 0.861618 0.694672
vt 0.854175 0.736668
vt 0.718669 0.690104
vt 0.646121 0.670746
vt 0.646121 0.607531
vt 0.615145 0.607531
vt 0.615145 0.670746
vt 0.696498 0.758350
vt 0.679245 0.693036
vt 0.636425 0.670746
vt 0.636425 0.607531
vt 0.483177 0.569121
vt 0.483177 0.709156
vt 0.533909 0.807752
vt 0.514038 0.737448
vt 0.507045 0.709156
vt 0.507045 0.569121
vt 0.471277 0.569121
vt 0.471277 0.709156
vt 0.485098 0.810340
vt 0.497785 0.738392
vt 0.404772 0.569121
vt 0.404772 0.709156
vt 0.397901 0.794965
vt 0.410587 0.723016
vt 0.972247 0.437292
vt 0.967473 0.441358
vt 0.972247 0.353422
vt 0.906699 0.353422
vt 0.906699 0.437292
vt 0.911473 0.441358
vt 0.883138 0.353430
vt 0.906704 0.437222
vt 0.883138 0.437222
vt 0.906704 0.353430
vt 0.906699 0.353422
vt 0.851878 0.453986
vt 0.791167 0.466334
vt 0.791167 0.453986
vt 0.851878 0.466334
vt 0.791167 0.348621
vt 0.851878 0.337207
vt 0.851878 0.348621
vt 0.791167 0.337207
vt 0.851878 0.552274
vt 0.791167 0.552274
vt 0.914347 0.482432
vt 0.907701 0.490235
vt 0.994484 0.482432
vt 0.994484 0.589580
vt 0.914347 0.589580
vt 0.907701 0.581777
vt 0.791167 0.251631
vt 0.851878 0.251631
vt -0.000000 0.000000
vt 0.666667 0.000000
vt 0.333333 0.000000
vt 0.399034 0.921949
vt 0.458928 0.921949
vt 0.399034 0.874271
vt 0.382076 0.085518
vt 0.421799 0.031088
vt 0.382076 0.031088
vt 0.421799 0.085518
vt 0.421558 0.085518
vt 0.381835 0.031088
vt 0.421558 0.031088
vt 0.381835 0.085518
vt 0.429067 0.828845
vt 0.422219 0.868513
vt 0.429067 0.868513
vt 0.422219 0.828845
vt 0.874860 0.868513
vt 0.889461 0.828845
vt 0.874860 0.828845
vt 0.889461 0.868513
vt 0.429067 0.868548
vt 0.422219 0.828879
vt 0.429067 0.828879
vt 0.422219 0.868548
vt 0.874860 0.828879
vt 0.889461 0.868547
vt 0.874860 0.868547
vt 0.889461 0.828879
vt 0.959545 0.984828
vt 0.943457 0.992098
vt 0.991916 0.921949
vt 0.620138 0.921949
vt 0.620138 0.992098
vt 0.559328 0.921949
vt 0.559328 0.946920
vt 0.458928 0.939373
vt 0.466474 0.946920
vt 0.400680 0.828845
vt 0.400680 0.868513
vt 0.952671 0.868513
vt 0.952671 0.828845
vt 0.559328 0.946920
vt 0.400923 0.868548
vt 0.400923 0.828879
vt 0.943457 0.992098
vt 0.952125 0.828879
vt 0.952125 0.868547
vt 0.513336 0.828879
vt 0.513336 0.868548
vt 0.972247 0.120367
vt 0.906699 0.066277
vt 0.972247 0.066277
vt 0.906699 0.120367
vt 0.513336 0.868513
vt 0.513336 0.828845
vt 0.883151 0.153128
vt 0.995795 0.034009
vt 0.883151 0.034009
vt 0.995795 0.153128
vt 0.620138 0.874271
vt 0.581435 0.828879
vt 0.581435 0.868548
vt 0.972247 0.153128
vt 0.906699 0.153128
vt 0.581435 0.868513
vt 0.581435 0.828845
vt 0.991916 0.874271
vt 0.883151 0.353422
vt 0.995795 0.353422
vt 0.985958 0.828879
vt 0.985958 0.868547
vt 0.986027 0.868513
vt 0.986027 0.828845
vt 0.905106 0.595255
vt 0.997372 0.679843
vt 0.905106 0.679843
vt 0.997372 0.595255
vt 0.869120 0.538540
vt 0.901698 0.499015
vt 0.869120 0.499015
vt 0.901698 0.538540
vt 0.905106 0.680526
vt 0.997372 0.595940
vt 0.905106 0.595940
vt 0.997372 0.680526
s 0
usemtl siegeenginelod0__siege_basilisk.dds
f 2499/1/1 2501/2/1 2502/3/1
f 2501/2/1 2499/1/1 2500/4/1
f 2495/4/2 2497/3/2 2498/2/2
f 2497/3/2 2495/4/2 2496/1/2
f 2491/5/3 2493/6/3 2494/7/3
f 2493/6/3 2491/5/3 2492/8/3
f 1360/9/2 2489/2/2 2490/3/2
f 2489/2/2 1360/9/2 2488/10/2
f 2485/10/1 2486/3/1 2487/2/1
f 2486/3/1 2485/10/1 1359/9/1
f 1357/11/4 2483/12/4 2484/13/4
f 2483/12/4 1357/11/4 1358/14/4
f 1356/9/2 2478/2/2 2482/10/2
f 2478/2/2 1356/9/2 1352/3/2
f 2481/10/1 1350/3/1 1355/9/1
f 1350/3/1 2481/10/1 2476/2/1
f 1353/11/5 2480/12/5 1354/14/5
f 2480/12/5 1353/11/5 2479/13/5
f 1351/1/2 2478/2/2 1352/3/2
f 2478/2/2 1351/1/2 2477/4/2
f 2475/4/1 1350/3/1 2476/2/1
f 1350/3/1 2475/4/1 1349/1/1
f 1345/5/6 1347/6/6 1348/7/6
f 1347/6/6 1345/5/6 1346/8/6
f 2471/1/1 2473/2/1 2474/3/1
f 2473/2/1 2471/1/1 2472/4/1
f 2467/4/2 2469/3/2 2470/2/2
f 2469/3/2 2467/4/2 2468/1/2
f 2463/5/3 2465/6/3 2466/7/3
f 2465/6/3 2463/5/3 2464/8/3
f 1344/9/2 2461/2/2 2462/3/2
f 2461/2/2 1344/9/2 2460/10/2
f 2457/10/1 2458/3/1 2459/2/1
f 2458/3/1 2457/10/1 1343/9/1
f 1341/11/4 2455/12/4 2456/13/4
f 2455/12/4 1341/11/4 1342/14/4
f 1340/9/2 2450/2/2 2454/10/2
f 2450/2/2 1340/9/2 1336/3/2
f 2453/10/1 1334/3/1 1339/9/1
f 1334/3/1 2453/10/1 2448/2/1
f 1337/11/5 2452/12/5 1338/14/5
f 2452/12/5 1337/11/5 2451/13/5
f 1335/1/2 2450/2/2 1336/3/2
f 2450/2/2 1335/1/2 2449/4/2
f 2447/4/1 1334/3/1 2448/2/1
f 1334/3/1 2447/4/1 1333/1/1
f 1329/5/6 1331/6/6 1332/7/6
f 1331/6/6 1329/5/6 1330/8/6
f 2443/1/1 2445/2/1 2446/3/1
f 2445/2/1 2443/1/1 2444/4/1
f 2439/4/2 2441/3/2 2442/2/2
f 2441/3/2 2439/4/2 2440/1/2
f 2435/5/3 2437/6/3 2438/7/3
f 2437/6/3 2435/5/3 2436/8/3
f 1328/9/2 2433/2/2 2434/3/2
f 2433/2/2 1328/9/2 2432/10/2
f 2429/10/1 2430/3/1 2431/2/1
f 2430/3/1 2429/10/1 1327/9/1
f 1325/11/4 2427/12/4 2428/13/4
f 2427/12/4 1325/11/4 1326/14/4
f 1324/9/2 2422/2/2 2426/10/2
f 2422/2/2 1324/9/2 1320/3/2
f 2425/10/1 1318/3/1 1323/9/1
f 1318/3/1 2425/10/1 2420/2/1
f 1321/11/5 2424/12/5 1322/14/5
f 2424/12/5 1321/11/5 2423/13/5
f 1319/1/2 2422/2/2 1320/3/2
f 2422/2/2 1319/1/2 2421/4/2
f 2419/4/1 1318/3/1 2420/2/1
f 1318/3/1 2419/4/1 1317/1/1
f 1313/5/6 1315/6/6 1316/7/6
f 1315/6/6 1313/5/6 1314/8/6
s 1
f 1312/15/7 2529/16/8 1307/17/9
f 2529/16/8 1312/15/7 2534/18/10
f 1311/15/11 1288/18/12 1312/15/7
f 1288/18/12 1311/15/11 1287/18/13
f 1310/17/14 2533/18/15 1311/15/11
f 2533/18/15 1310/17/14 2532/16/16
f 1309/19/17 2532/16/16 1310/17/14
f 2532/16/16 1309/19/17 2531/20/18
f 1308/19/19 1285/20/20 1309/19/17
f 1285/20/20 1308/19/19 1283/20/21
f 1307/17/9 2530/20/22 1308/19/19
f 2530/20/22 1307/17/9 2529/16/8
f 1306/21/23 1307/17/9 1301/22/24
f 1307/17/9 1306/21/23 1312/15/7
f 1305/21/25 1312/15/7 1306/21/23
f 1312/15/7 1305/21/25 1311/15/11
f 1304/22/26 1311/15/11 1305/21/25
f 1311/15/11 1304/22/26 1310/17/14
f 1303/23/27 1310/17/14 1304/22/26
f 1310/17/14 1303/23/27 1309/19/17
f 1302/23/28 1309/19/17 1303/23/27
f 1309/19/17 1302/23/28 1308/19/19
f 1301/22/24 1308/19/19 1302/23/28
f 1308/19/19 1301/22/24 1307/17/9
f 1299/24/29 1301/22/24 1290/25/30
f 1301/22/24 1299/24/29 1306/21/23
f 1297/24/31 1306/21/23 1299/24/29
f 1306/21/23 1297/24/31 1305/21/25
f 1295/25/32 1305/21/25 1297/24/31
f 1305/21/25 1295/25/32 1304/22/26
f 1293/26/33 1304/22/26 1295/25/32
f 1304/22/26 1293/26/33 1303/23/27
f 1291/26/34 1303/23/27 1293/26/33
f 1303/23/27 1291/26/34 1302/23/28
f 1290/25/30 1302/23/28 1291/26/34
f 1302/23/28 1290/25/30 1301/22/24
f 1300/27/35 1290/25/30 1289/28/36
f 1290/25/30 1300/27/35 1299/24/29
f 1298/27/37 1299/24/29 1300/27/35
f 1299/24/29 1298/27/37 1297/24/31
f 1296/28/38 1297/24/31 1298/27/37
f 1297/24/31 1296/28/38 1295/25/32
f 1294/29/39 1295/25/32 1296/28/38
f 1295/25/32 1294/29/39 1293/26/33
f 1292/29/40 1293/26/33 1294/29/39
f 1293/26/33 1292/29/40 1291/26/34
f 1289/28/36 1291/26/34 1292/29/40
f 1291/26/34 1289/28/36 1290/25/30
f 1282/30/41 1284/16/8 1288/18/12
f 1284/16/8 1282/30/41 1278/31/42
f 1281/30/43 1288/18/12 1287/18/13
f 1288/18/12 1281/30/43 1282/30/41
f 1280/31/44 1287/18/13 1286/16/45
f 1287/18/13 1280/31/44 1281/30/43
f 1279/32/46 1286/16/45 1285/20/20
f 1286/16/45 1279/32/46 1280/31/44
f 1277/32/47 1285/20/20 1283/20/21
f 1285/20/20 1277/32/47 1279/32/46
f 1278/31/42 1283/20/21 1284/16/8
f 1283/20/21 1278/31/42 1277/32/47
f 1276/33/48 1278/31/42 1282/30/41
f 1278/31/42 1276/33/48 1272/34/49
f 1275/33/50 1282/30/41 1281/30/43
f 1282/30/41 1275/33/50 1276/33/48
f 1274/34/51 1281/30/43 1280/31/44
f 1281/30/43 1274/34/51 1275/33/50
f 1273/35/52 1280/31/44 1279/32/46
f 1280/31/44 1273/35/52 1274/34/51
f 1271/35/53 1279/32/46 1277/32/47
f 1279/32/46 1271/35/53 1273/35/52
f 1272/34/49 1277/32/47 1278/31/42
f 1277/32/47 1272/34/49 1271/35/53
f 1270/36/54 1272/34/49 1276/33/48
f 1272/34/49 1270/36/54 1262/37/55
f 1268/36/56 1276/33/48 1275/33/50
f 1276/33/48 1268/36/56 1270/36/54
f 1266/37/57 1275/33/50 1274/34/51
f 1275/33/50 1266/37/57 1268/36/56
f 1264/38/58 1274/34/51 1273/35/52
f 1274/34/51 1264/38/58 1266/37/57
f 1261/38/59 1273/35/52 1271/35/53
f 1273/35/52 1261/38/59 1264/38/58
f 1262/37/55 1271/35/53 1272/34/49
f 1271/35/53 1262/37/55 1261/38/59
f 1269/39/60 1262/37/55 1270/36/54
f 1262/37/55 1269/39/60 1259/40/61
f 1267/39/62 1270/36/54 1268/36/56
f 1270/36/54 1267/39/62 1269/39/60
f 1265/40/63 1268/36/56 1266/37/57
f 1268/36/56 1265/40/63 1267/39/62
f 1263/41/64 1266/37/57 1264/38/58
f 1266/37/57 1263/41/64 1265/40/63
f 1260/41/65 1264/38/58 1261/38/59
f 1264/38/58 1260/41/65 1263/41/64
f 1259/40/61 1261/38/59 1262/37/55
f 1261/38/59 1259/40/61 1260/41/65
f 1258/15/7 2523/16/8 1253/17/9
f 2523/16/8 1258/15/7 2528/18/10
f 1257/15/11 1234/18/12 1258/15/7
f 1234/18/12 1257/15/11 1233/18/66
f 1256/17/14 2527/18/67 1257/15/11
f 2527/18/67 1256/17/14 2526/16/16
f 1255/19/68 2526/16/16 1256/17/14
f 2526/16/16 1255/19/68 2525/20/18
f 1254/19/19 1231/20/20 1255/19/68
f 1231/20/20 1254/19/19 1229/20/21
f 1253/17/9 2524/20/22 1254/19/19
f 2524/20/22 1253/17/9 2523/16/8
f 1252/21/23 1253/17/9 1247/22/24
f 1253/17/9 1252/21/23 1258/15/7
f 1251/21/25 1258/15/7 1252/21/23
f 1258/15/7 1251/21/25 1257/15/11
f 1250/22/26 1257/15/11 1251/21/25
f 1257/15/11 1250/22/26 1256/17/14
f 1249/23/27 1256/17/14 1250/22/26
f 1256/17/14 1249/23/27 1255/19/68
f 1248/23/28 1255/19/68 1249/23/27
f 1255/19/68 1248/23/28 1254/19/19
f 1247/22/24 1254/19/19 1248/23/28
f 1254/19/19 1247/22/24 1253/17/9
f 1245/24/29 1247/22/24 1236/25/30
f 1247/22/24 1245/24/29 1252/21/23
f 1243/24/31 1252/21/23 1245/24/29
f 1252/21/23 1243/24/31 1251/21/25
f 1241/25/32 1251/21/25 1243/24/31
f 1251/21/25 1241/25/32 1250/22/26
f 1239/26/33 1250/22/26 1241/25/32
f 1250/22/26 1239/26/33 1249/23/27
f 1237/26/34 1249/23/27 1239/26/33
f 1249/23/27 1237/26/34 1248/23/28
f 1236/25/30 1248/23/28 1237/26/34
f 1248/23/28 1236/25/30 1247/22/24
f 1246/27/69 1236/25/30 1235/28/70
f 1236/25/30 1246/27/69 1245/24/29
f 1244/27/37 1245/24/29 1246/27/69
f 1245/24/29 1244/27/37 1243/24/31
f 1242/28/71 1243/24/31 1244/27/37
f 1243/24/31 1242/28/71 1241/25/32
f 1240/29/72 1241/25/32 1242/28/71
f 1241/25/32 1240/29/72 1239/26/33
f 1238/29/73 1239/26/33 1240/29/72
f 1239/26/33 1238/29/73 1237/26/34
f 1235/28/70 1237/26/34 1238/29/73
f 1237/26/34 1235/28/70 1236/25/30
f 1228/30/41 1230/16/8 1234/18/12
f 1230/16/8 1228/30/41 1224/31/42
f 1227/30/43 1234/18/12 1233/18/66
f 1234/18/12 1227/30/43 1228/30/41
f 1226/31/74 1233/18/66 1232/16/45
f 1233/18/66 1226/31/74 1227/30/43
f 1225/32/46 1232/16/45 1231/20/20
f 1232/16/45 1225/32/46 1226/31/74
f 1223/32/47 1231/20/20 1229/20/21
f 1231/20/20 1223/32/47 1225/32/46
f 1224/31/42 1229/20/21 1230/16/8
f 1229/20/21 1224/31/42 1223/32/47
f 1222/33/48 1224/31/42 1228/30/41
f 1224/31/42 1222/33/48 1218/34/75
f 1221/33/50 1228/30/41 1227/30/43
f 1228/30/41 1221/33/50 1222/33/48
f 1220/34/51 1227/30/43 1226/31/74
f 1227/30/43 1220/34/51 1221/33/50
f 1219/35/52 1226/31/74 1225/32/46
f 1226/31/74 1219/35/52 1220/34/51
f 1217/35/53 1225/32/46 1223/32/47
f 1225/32/46 1217/35/53 1219/35/52
f 1218/34/75 1223/32/47 1224/31/42
f 1223/32/47 1218/34/75 1217/35/53
f 1216/36/54 1218/34/75 1222/33/48
f 1218/34/75 1216/36/54 1208/37/55
f 1214/36/56 1222/33/48 1221/33/50
f 1222/33/48 1214/36/56 1216/36/54
f 1212/37/57 1221/33/50 1220/34/51
f 1221/33/50 1212/37/57 1214/36/56
f 1210/38/58 1220/34/51 1219/35/52
f 1220/34/51 1210/38/58 1212/37/57
f 1207/38/59 1219/35/52 1217/35/53
f 1219/35/52 1207/38/59 1210/38/58
f 1208/37/55 1217/35/53 1218/34/75
f 1217/35/53 1208/37/55 1207/38/59
f 1215/39/76 1208/37/55 1216/36/54
f 1208/37/55 1215/39/76 1205/40/61
f 1213/39/62 1216/36/54 1214/36/56
f 1216/36/54 1213/39/62 1215/39/76
f 1211/40/63 1214/36/56 1212/37/57
f 1214/36/56 1211/40/63 1213/39/62
f 1209/41/64 1212/37/57 1210/38/58
f 1212/37/57 1209/41/64 1211/40/63
f 1206/41/65 1210/38/58 1207/38/59
f 1210/38/58 1206/41/65 1209/41/64
f 1205/40/61 1207/38/59 1208/37/55
f 1207/38/59 1205/40/61 1206/41/65
f 2415/42/77 2418/43/78 2416/44/79
f 2418/43/78 2415/42/77 2417/45/80
f 2413/46/81 2416/44/79 2414/47/82
f 2416/44/79 2413/46/81 2415/42/77
f 2411/48/83 2414/47/82 2412/49/84
f 2414/47/82 2411/48/83 2413/46/81
f 2409/50/85 2412/49/84 2410/51/86
f 2412/49/84 2409/50/85 2411/48/83
f 2407/52/87 2410/51/86 2408/53/88
f 2410/51/86 2407/52/87 2409/50/85
f 2405/54/89 2408/53/88 2406/55/90
f 2408/53/88 2405/54/89 2407/52/87
f 2403/56/91 2406/55/90 2404/57/92
f 2406/55/90 2403/56/91 2405/54/89
f 2401/58/93 2404/57/92 2402/59/94
f 2404/57/92 2401/58/93 2403/56/91
f 2399/60/95 2402/59/94 2400/61/96
f 2402/59/94 2399/60/95 2401/58/93
f 2397/62/97 2400/61/96 2398/63/98
f 2400/61/96 2397/62/97 2399/60/95
f 2394/64/99 2398/63/98 2395/65/100
f 2398/63/98 2394/64/99 2397/62/97
f 2393/66/101 2395/65/100 2396/67/102
f 2395/65/100 2393/66/101 2394/64/99
f 2391/68/103 2370/69/104 2392/70/105
f 2370/69/104 2391/68/103 2367/71/106
f 2389/72/107 2392/70/105 2390/73/108
f 2392/70/105 2389/72/107 2391/68/103
f 2387/74/109 2390/73/108 2388/75/110
f 2390/73/108 2387/74/109 2389/72/107
f 2385/76/111 2388/75/110 2386/77/112
f 2388/75/110 2385/76/111 2387/74/109
f 2383/78/113 2386/77/112 2384/79/114
f 2386/77/112 2383/78/113 2385/76/111
f 2381/80/115 2384/79/114 2382/81/116
f 2384/79/114 2381/80/115 2383/78/113
f 2379/82/117 2382/81/116 2380/83/118
f 2382/81/116 2379/82/117 2381/80/115
f 2377/84/119 2380/83/118 2378/85/120
f 2380/83/118 2377/84/119 2379/82/117
f 2375/86/121 2378/85/120 2376/87/122
f 2378/85/120 2375/86/121 2377/84/119
f 2372/88/123 2376/87/122 2373/89/124
f 2376/87/122 2372/88/123 2375/86/121
f 2371/90/125 2373/89/124 2374/91/126
f 2373/89/124 2371/90/125 2372/88/123
f 2367/71/106 2369/92/127 2370/69/104
f 2369/92/127 2367/71/106 2368/93/128
f 893/94/129 1180/62/130 1169/64/131
f 1180/62/130 893/94/129 904/95/132
f 904/95/132 1179/60/133 1180/62/130
f 1179/60/133 904/95/132 903/96/134
f 903/96/134 1178/58/135 1179/60/133
f 1178/58/135 903/96/134 902/97/136
f 902/97/136 1177/56/137 1178/58/135
f 1177/56/137 902/97/136 901/98/138
f 901/98/138 1176/54/139 1177/56/137
f 1176/54/139 901/98/138 900/99/140
f 900/99/140 1175/52/141 1176/54/139
f 1175/52/141 900/99/140 899/100/142
f 899/100/142 1174/50/143 1175/52/141
f 1174/50/143 899/100/142 898/101/144
f 898/101/144 1173/48/145 1174/50/143
f 1173/48/145 898/101/144 897/102/146
f 897/102/146 1172/46/147 1173/48/145
f 1172/46/147 897/102/146 896/103/148
f 896/103/148 1171/42/149 1172/46/147
f 1171/42/149 896/103/148 895/104/150
f 895/104/150 2366/45/151 1171/42/149
f 2366/45/151 895/104/150 2193/105/152
f 894/106/153 1169/64/131 1170/66/154
f 1169/64/131 894/106/153 893/94/129
f 1194/65/155 1192/70/156 1181/69/157
f 1192/70/156 1194/65/155 1195/63/158
f 1195/63/158 1191/73/159 1192/70/156
f 1191/73/159 1195/63/158 1196/61/160
f 1196/61/160 1190/75/161 1191/73/159
f 1190/75/161 1196/61/160 1197/59/162
f 1197/59/162 1189/77/163 1190/75/161
f 1189/77/163 1197/59/162 1198/57/164
f 1198/57/164 1188/79/165 1189/77/163
f 1188/79/165 1198/57/164 1199/55/166
f 1199/55/166 1187/81/167 1188/79/165
f 1187/81/167 1199/55/166 1200/53/168
f 1200/53/168 1186/83/169 1187/81/167
f 1186/83/169 1200/53/168 1201/51/170
f 1201/51/170 1185/85/171 1186/83/169
f 1185/85/171 1201/51/170 1202/49/172
f 1202/49/172 1184/87/173 1185/85/171
f 1184/87/173 1202/49/172 1203/47/174
f 1203/47/174 1183/107/175 1184/87/173
f 1183/107/175 1203/47/174 1204/44/176
f 1204/44/176 2365/108/177 1183/107/175
f 2365/108/177 1204/44/176 2364/43/178
f 1193/67/179 1181/69/157 1182/92/180
f 1181/69/157 1193/67/179 1194/65/155
f 2360/109/181 2363/110/182 2361/111/183
f 2363/110/182 2360/109/181 2362/112/184
f 2358/113/185 2361/111/183 2359/114/186
f 2361/111/183 2358/113/185 2360/109/181
f 2356/115/187 2359/114/186 2357/116/188
f 2359/114/186 2356/115/187 2358/113/185
f 2354/117/189 2357/116/188 2355/118/190
f 2357/116/188 2354/117/189 2356/115/187
f 2352/119/191 2355/118/190 2353/120/192
f 2355/118/190 2352/119/191 2354/117/189
f 2350/121/193 2353/120/192 2351/122/194
f 2353/120/192 2350/121/193 2352/119/191
f 2348/123/195 2351/122/194 2349/124/196
f 2351/122/194 2348/123/195 2350/121/193
f 2346/125/197 2349/124/196 2347/126/198
f 2349/124/196 2346/125/197 2348/123/195
f 2344/127/199 2347/126/198 2345/128/200
f 2347/126/198 2344/127/199 2346/125/197
f 2342/129/201 2345/128/200 2343/130/202
f 2345/128/200 2342/129/201 2344/127/199
f 2339/131/203 2343/130/202 2340/132/204
f 2343/130/202 2339/131/203 2342/129/201
f 2338/133/205 2340/132/204 2341/134/206
f 2340/132/204 2338/133/205 2339/131/203
f 2336/135/207 2315/136/208 2337/137/209
f 2315/136/208 2336/135/207 2312/138/210
f 2334/139/211 2337/137/209 2335/140/212
f 2337/137/209 2334/139/211 2336/135/207
f 2332/141/213 2335/140/212 2333/142/214
f 2335/140/212 2332/141/213 2334/139/211
f 2330/143/215 2333/142/214 2331/144/216
f 2333/142/214 2330/143/215 2332/141/213
f 2328/145/217 2331/144/216 2329/146/218
f 2331/144/216 2328/145/217 2330/143/215
f 2326/147/219 2329/146/218 2327/148/220
f 2329/146/218 2326/147/219 2328/145/217
f 2324/149/221 2327/148/220 2325/150/222
f 2327/148/220 2324/149/221 2326/147/219
f 2322/151/223 2325/150/222 2323/152/224
f 2325/150/222 2322/151/223 2324/149/221
f 2320/153/225 2323/152/224 2321/154/226
f 2323/152/224 2320/153/225 2322/151/223
f 2317/155/227 2321/154/226 2318/156/228
f 2321/154/226 2317/155/227 2320/153/225
f 2316/157/229 2318/156/228 2319/158/230
f 2318/156/228 2316/157/229 2317/155/227
f 2312/138/210 2314/159/231 2315/136/208
f 2314/159/231 2312/138/210 2313/160/232
f 1157/71/233 1132/129/130 1121/131/131
f 1132/129/130 1157/71/233 1168/68/234
f 1168/68/234 1131/127/133 1132/129/130
f 1131/127/133 1168/68/234 1167/72/235
f 1167/72/235 1130/125/135 1131/127/133
f 1130/125/135 1167/72/235 1166/74/236
f 1166/74/236 1129/123/137 1130/125/135
f 1129/123/137 1166/74/236 1165/76/237
f 1165/76/237 1128/121/139 1129/123/137
f 1128/121/139 1165/76/237 1164/78/238
f 1164/78/238 1127/119/141 1128/121/139
f 1127/119/141 1164/78/238 1163/80/239
f 1163/80/239 1126/117/143 1127/119/141
f 1126/117/143 1163/80/239 1162/82/240
f 1162/82/240 1125/115/145 1126/117/143
f 1125/115/145 1162/82/240 1161/84/241
f 1161/84/241 1124/113/147 1125/115/145
f 1124/113/147 1161/84/241 1160/86/242
f 1160/86/242 1123/109/149 1124/113/147
f 1123/109/149 1160/86/242 1159/161/243
f 1159/161/243 2311/112/151 1123/109/149
f 2311/112/151 1159/161/243 2310/162/244
f 1158/93/245 1121/131/131 1122/133/154
f 1121/131/131 1158/93/245 1157/71/233
f 1146/132/246 1144/137/247 1133/136/248
f 1144/137/247 1146/132/246 1147/130/249
f 1147/130/249 1143/140/250 1144/137/247
f 1143/140/250 1147/130/249 1148/128/251
f 1148/128/251 1142/142/252 1143/140/250
f 1142/142/252 1148/128/251 1149/126/253
f 1149/126/253 1141/144/254 1142/142/252
f 1141/144/254 1149/126/253 1150/124/255
f 1150/124/255 1140/146/256 1141/144/254
f 1140/146/256 1150/124/255 1151/122/257
f 1151/122/257 1139/148/258 1140/146/256
f 1139/148/258 1151/122/257 1152/120/259
f 1152/120/259 1138/150/260 1139/148/258
f 1138/150/260 1152/120/259 1153/118/261
f 1153/118/261 1137/152/262 1138/150/260
f 1137/152/262 1153/118/261 1154/116/263
f 1154/116/263 1136/154/264 1137/152/262
f 1136/154/264 1154/116/263 1155/114/265
f 1155/114/265 1135/163/266 1136/154/264
f 1135/163/266 1155/114/265 1156/111/267
f 1156/111/267 2309/164/268 1135/163/266
f 2309/164/268 1156/111/267 2308/110/269
f 1145/134/270 1133/136/248 1134/159/271
f 1133/136/248 1145/134/270 1146/132/246
f 2304/165/272 2307/166/273 2305/167/274
f 2307/166/273 2304/165/272 2306/168/275
f 2302/169/276 2305/167/274 2303/170/277
f 2305/167/274 2302/169/276 2304/165/272
f 2300/171/278 2303/170/277 2301/172/279
f 2303/170/277 2300/171/278 2302/169/276
f 2298/173/280 2301/172/279 2299/174/281
f 2301/172/279 2298/173/280 2300/171/278
f 2296/175/282 2299/174/281 2297/176/283
f 2299/174/281 2296/175/282 2298/173/280
f 2294/177/284 2297/176/283 2295/178/285
f 2297/176/283 2294/177/284 2296/175/282
f 2292/179/286 2295/178/285 2293/180/287
f 2295/178/285 2292/179/286 2294/177/284
f 2290/181/288 2293/180/287 2291/182/289
f 2293/180/287 2290/181/288 2292/179/286
f 2288/183/290 2291/182/289 2289/184/291
f 2291/182/289 2288/183/290 2290/181/288
f 2286/185/292 2289/184/291 2287/186/293
f 2289/184/291 2286/185/292 2288/183/290
f 2283/187/294 2287/186/293 2284/188/295
f 2287/186/293 2283/187/294 2286/185/292
f 2282/189/296 2284/188/295 2285/190/297
f 2284/188/295 2282/189/296 2283/187/294
f 2280/191/298 2259/192/299 2281/193/300
f 2259/192/299 2280/191/298 2256/194/301
f 2278/195/302 2281/193/300 2279/196/303
f 2281/193/300 2278/195/302 2280/191/298
f 2276/197/304 2279/196/303 2277/198/305
f 2279/196/303 2276/197/304 2278/195/302
f 2274/199/306 2277/198/305 2275/200/307
f 2277/198/305 2274/199/306 2276/197/304
f 2272/201/308 2275/200/307 2273/202/309
f 2275/200/307 2272/201/308 2274/199/306
f 2270/203/310 2273/202/309 2271/204/311
f 2273/202/309 2270/203/310 2272/201/308
f 2268/205/312 2271/204/311 2269/206/313
f 2271/204/311 2268/205/312 2270/203/310
f 2266/207/314 2269/206/313 2267/208/315
f 2269/206/313 2266/207/314 2268/205/312
f 2264/209/316 2267/208/315 2265/210/317
f 2267/208/315 2264/209/316 2266/207/314
f 2261/211/318 2265/210/317 2262/212/319
f 2265/210/317 2261/211/318 2264/209/316
f 2260/213/320 2262/212/319 2263/214/321
f 2262/212/319 2260/213/320 2261/211/318
f 2256/194/301 2258/215/322 2259/192/299
f 2258/215/322 2256/194/301 2257/216/323
f 1109/138/324 1084/185/325 1073/187/326
f 1084/185/325 1109/138/324 1120/135/327
f 1120/135/327 1083/183/328 1084/185/325
f 1083/183/328 1120/135/327 1119/139/329
f 1119/139/329 1082/181/330 1083/183/328
f 1082/181/330 1119/139/329 1118/141/331
f 1118/141/331 1081/179/332 1082/181/330
f 1081/179/332 1118/141/331 1117/143/333
f 1117/143/333 1080/177/334 1081/179/332
f 1080/177/334 1117/143/333 1116/145/335
f 1116/145/335 1079/175/336 1080/177/334
f 1079/175/336 1116/145/335 1115/147/337
f 1115/147/337 1078/173/338 1079/175/336
f 1078/173/338 1115/147/337 1114/149/339
f 1114/149/339 1077/171/340 1078/173/338
f 1077/171/340 1114/149/339 1113/151/341
f 1113/151/341 1076/169/342 1077/171/340
f 1076/169/342 1113/151/341 1112/153/343
f 1112/153/343 1075/165/344 1076/169/342
f 1075/165/344 1112/153/343 1111/217/345
f 1111/217/345 2255/168/346 1075/165/344
f 2255/168/346 1111/217/345 2254/218/347
f 1110/160/348 1073/187/326 1074/189/349
f 1073/187/326 1110/160/348 1109/138/324
f 1098/188/350 1096/193/351 1085/192/352
f 1096/193/351 1098/188/350 1099/186/353
f 1099/186/353 1095/196/354 1096/193/351
f 1095/196/354 1099/186/353 1100/184/355
f 1100/184/355 1094/198/356 1095/196/354
f 1094/198/356 1100/184/355 1101/182/357
f 1101/182/357 1093/200/358 1094/198/356
f 1093/200/358 1101/182/357 1102/180/359
f 1102/180/359 1092/202/360 1093/200/358
f 1092/202/360 1102/180/359 1103/178/361
f 1103/178/361 1091/204/362 1092/202/360
f 1091/204/362 1103/178/361 1104/176/363
f 1104/176/363 1090/206/364 1091/204/362
f 1090/206/364 1104/176/363 1105/174/365
f 1105/174/365 1089/208/366 1090/206/364
f 1089/208/366 1105/174/365 1106/172/367
f 1106/172/367 1088/210/368 1089/208/366
f 1088/210/368 1106/172/367 1107/170/369
f 1107/170/369 1087/219/370 1088/210/368
f 1087/219/370 1107/170/369 1108/167/371
f 1108/167/371 2253/220/372 1087/219/370
f 2253/220/372 1108/167/371 2252/166/373
f 1097/190/374 1085/192/352 1086/215/375
f 1085/192/352 1097/190/374 1098/188/350
f 2251/221/376 1037/222/377 2239/223/378
f 1037/222/377 2251/221/376 1048/224/379
f 2250/225/380 1048/224/379 2251/221/376
f 1048/224/379 2250/225/380 1047/226/381
f 2249/227/382 1047/226/381 2250/225/380
f 1047/226/381 2249/227/382 1046/228/383
f 2248/229/384 1046/228/383 2249/227/382
f 1046/228/383 2248/229/384 1045/230/385
f 2247/231/386 1045/230/385 2248/229/384
f 1045/230/385 2247/231/386 1044/232/387
f 2246/233/388 1044/232/387 2247/231/386
f 1044/232/387 2246/233/388 1043/234/389
f 2245/235/390 1043/234/389 2246/233/388
f 1043/234/389 2245/235/390 1042/236/391
f 2244/237/392 1042/236/391 2245/235/390
f 1042/236/391 2244/237/392 1041/238/393
f 2243/239/394 1041/238/393 2244/237/392
f 1041/238/393 2243/239/394 1040/240/395
f 2242/241/396 1040/240/395 2243/239/394
f 1040/240/395 2242/241/396 1039/242/397
f 2241/243/398 1039/242/397 2242/241/396
f 1039/242/397 2241/243/398 2229/244/399
f 2239/223/378 1038/245/400 2240/246/401
f 1038/245/400 2239/223/378 1037/222/377
f 2238/247/402 1037/222/377 1048/224/379
f 1037/222/377 2238/247/402 2225/248/403
f 2237/249/404 1048/224/379 1047/226/381
f 1048/224/379 2237/249/404 2238/247/402
f 2236/250/405 1047/226/381 1046/228/383
f 1047/226/381 2236/250/405 2237/249/404
f 2235/251/406 1046/228/383 1045/230/385
f 1046/228/383 2235/251/406 2236/250/405
f 2234/252/407 1045/230/385 1044/232/387
f 1045/230/385 2234/252/407 2235/251/406
f 2233/253/408 1044/232/387 1043/234/389
f 1044/232/387 2233/253/408 2234/252/407
f 2232/254/409 1043/234/389 1042/236/391
f 1043/234/389 2232/254/409 2233/253/408
f 2231/255/410 1042/236/391 1041/238/393
f 1042/236/391 2231/255/410 2232/254/409
f 2230/256/411 1041/238/393 1040/240/395
f 1041/238/393 2230/256/411 2231/255/410
f 2228/257/412 1040/240/395 1039/242/397
f 1040/240/395 2228/257/412 2230/256/411
f 2227/258/413 1039/242/397 2229/244/399
f 1039/242/397 2227/258/413 2228/257/412
f 2225/248/403 1038/245/400 1037/222/377
f 1038/245/400 2225/248/403 2226/259/414
f 1024/260/415 1025/248/416 1036/247/417
f 1025/248/416 1024/260/415 1013/261/418
f 1023/262/419 1036/247/417 1035/249/420
f 1036/247/417 1023/262/419 1024/260/415
f 1022/263/421 1035/249/420 1034/250/422
f 1035/249/420 1022/263/421 1023/262/419
f 1021/264/423 1034/250/422 1033/251/424
f 1034/250/422 1021/264/423 1022/263/421
f 1020/265/425 1033/251/424 1032/252/426
f 1033/251/424 1020/265/425 1021/264/423
f 1019/266/427 1032/252/426 1031/253/428
f 1032/252/426 1019/266/427 1020/265/425
f 1018/267/429 1031/253/428 1030/254/430
f 1031/253/428 1018/267/429 1019/266/427
f 1017/268/431 1030/254/430 1029/255/432
f 1030/254/430 1017/268/431 1018/267/429
f 1016/269/433 1029/255/432 1028/256/434
f 1029/255/432 1016/269/433 1017/268/431
f 1015/270/435 1028/256/434 1027/257/436
f 1028/256/434 1015/270/435 1016/269/433
f 2214/271/437 1027/257/436 2224/258/438
f 1027/257/436 2214/271/437 1015/270/435
f 1013/261/418 1026/259/438 1025/248/416
f 1026/259/438 1013/261/418 1014/272/439
f 2223/273/440 1013/261/418 1024/260/415
f 1013/261/418 2223/273/440 2210/274/441
f 2222/275/442 1024/260/415 1023/262/419
f 1024/260/415 2222/275/442 2223/273/440
f 2221/276/443 1023/262/419 1022/263/421
f 1023/262/419 2221/276/443 2222/275/442
f 2220/277/444 1022/263/421 1021/264/423
f 1022/263/421 2220/277/444 2221/276/443
f 2219/278/445 1021/264/423 1020/265/425
f 1021/264/423 2219/278/445 2220/277/444
f 2218/279/446 1020/265/425 1019/266/427
f 1020/265/425 2218/279/446 2219/278/445
f 2217/280/447 1019/266/427 1018/267/429
f 1019/266/427 2217/280/447 2218/279/446
f 2216/281/448 1018/267/429 1017/268/431
f 1018/267/429 2216/281/448 2217/280/447
f 2215/282/449 1017/268/431 1016/269/433
f 1017/268/431 2215/282/449 2216/281/448
f 2213/283/450 1016/269/433 1015/270/435
f 1016/269/433 2213/283/450 2215/282/449
f 2212/284/451 1015/270/435 2214/271/437
f 1015/270/435 2212/284/451 2213/283/450
f 2210/274/441 1014/272/439 1013/261/418
f 1014/272/439 2210/274/441 2211/285/452
f 2209/286/453 1001/274/454 1012/273/455
f 1001/274/454 2209/286/453 2196/287/456
f 2208/288/457 1012/273/455 1011/275/458
f 1012/273/455 2208/288/457 2209/286/453
f 2207/289/459 1011/275/458 1010/276/460
f 1011/275/458 2207/289/459 2208/288/457
f 2206/290/461 1010/276/460 1009/277/462
f 1010/276/460 2206/290/461 2207/289/459
f 2205/291/463 1009/277/462 1008/278/464
f 1009/277/462 2205/291/463 2206/290/461
f 2204/292/465 1008/278/464 1007/279/466
f 1008/278/464 2204/292/465 2205/291/463
f 2203/293/467 1007/279/466 1006/280/468
f 1007/279/466 2203/293/467 2204/292/465
f 2202/294/469 1006/280/468 1005/281/470
f 1006/280/468 2202/294/469 2203/293/467
f 2201/295/471 1005/281/470 1004/282/472
f 1005/281/470 2201/295/471 2202/294/469
f 2199/296/473 1004/282/472 1003/283/474
f 1004/282/472 2199/296/473 2201/295/471
f 2198/297/475 1003/283/474 2200/284/476
f 1003/283/474 2198/297/475 2199/296/473
f 2196/287/456 1002/285/477 1001/274/454
f 1002/285/477 2196/287/456 2197/298/478
f 988/299/479 989/287/480 1000/286/481
f 989/287/480 988/299/479 977/300/482
f 987/301/483 1000/286/481 999/288/484
f 1000/286/481 987/301/483 988/299/479
f 986/302/485 999/288/484 998/289/486
f 999/288/484 986/302/485 987/301/483
f 985/303/487 998/289/486 997/290/488
f 998/289/486 985/303/487 986/302/485
f 984/304/489 997/290/488 996/291/490
f 997/290/488 984/304/489 985/303/487
f 983/305/491 996/291/490 995/292/492
f 996/291/490 983/305/491 984/304/489
f 982/306/493 995/292/492 994/293/494
f 995/292/492 982/306/493 983/305/491
f 981/307/495 994/293/494 993/294/496
f 994/293/494 981/307/495 982/306/493
f 980/308/497 993/294/496 992/295/498
f 993/294/496 980/308/497 981/307/495
f 979/309/499 992/295/498 991/296/500
f 992/295/498 979/309/499 980/308/497
f 2194/310/501 991/296/500 2195/297/502
f 991/296/500 2194/310/501 979/309/499
f 977/300/482 990/298/503 989/287/480
f 990/298/503 977/300/482 978/311/504
f 904/95/132 977/300/482 988/299/479
f 977/300/482 904/95/132 893/94/129
f 903/96/134 988/299/479 987/301/483
f 988/299/479 903/96/134 904/95/132
f 902/97/136 987/301/483 986/302/485
f 987/301/483 902/97/136 903/96/134
f 901/98/138 986/302/485 985/303/487
f 986/302/485 901/98/138 902/97/136
f 900/99/140 985/303/487 984/304/489
f 985/303/487 900/99/140 901/98/138
f 899/100/142 984/304/489 983/305/491
f 984/304/489 899/100/142 900/99/140
f 898/101/144 983/305/491 982/306/493
f 983/305/491 898/101/144 899/100/142
f 897/102/146 982/306/493 981/307/495
f 982/306/493 897/102/146 898/101/144
f 896/103/148 981/307/495 980/308/497
f 981/307/495 896/103/148 897/102/146
f 895/104/150 980/308/497 979/309/499
f 980/308/497 895/104/150 896/103/148
f 2193/105/152 979/309/499 2194/310/501
f 979/309/499 2193/105/152 895/104/150
f 893/94/129 978/311/504 977/300/482
f 978/311/504 893/94/129 894/106/153
f 928/312/505 2192/313/506 2191/314/507
f 2192/313/506 928/312/505 2151/315/508
f 927/316/509 2191/314/507 2190/317/510
f 2191/314/507 927/316/509 928/312/505
f 926/318/511 2190/317/510 2189/319/512
f 2190/317/510 926/318/511 927/316/509
f 925/320/513 2189/319/512 2188/321/514
f 2189/319/512 925/320/513 926/318/511
f 924/322/515 2188/321/514 2187/323/516
f 2188/321/514 924/322/515 925/320/513
f 923/324/517 2187/323/516 2186/325/518
f 2187/323/516 923/324/517 924/322/515
f 922/326/519 2186/325/518 2185/327/520
f 2186/325/518 922/326/519 923/324/517
f 921/328/521 2185/327/520 2184/329/522
f 2185/327/520 921/328/521 922/326/519
f 920/330/523 2184/329/522 2183/331/524
f 2184/329/522 920/330/523 921/328/521
f 919/332/525 2183/331/524 2182/333/526
f 2183/331/524 919/332/525 920/330/523
f 918/334/527 2182/333/526 2180/335/528
f 2182/333/526 918/334/527 919/332/525
f 917/336/529 2180/335/528 2181/337/530
f 2180/335/528 917/336/529 918/334/527
f 2178/338/531 2147/339/532 964/340/533
f 2147/339/532 2178/338/531 2179/341/534
f 2177/342/535 964/340/533 963/343/536
f 964/340/533 2177/342/535 2178/338/531
f 2176/344/537 963/343/536 962/345/538
f 963/343/536 2176/344/537 2177/342/535
f 2175/346/539 962/345/538 961/347/540
f 962/345/538 2175/346/539 2176/344/537
f 2174/348/541 961/347/540 960/349/542
f 961/347/540 2174/348/541 2175/346/539
f 2173/350/543 960/349/542 959/351/544
f 960/349/542 2173/350/543 2174/348/541
f 2172/352/545 959/351/544 958/353/546
f 959/351/544 2172/352/545 2173/350/543
f 2171/354/547 958/353/546 957/355/548
f 958/353/546 2171/354/547 2172/352/545
f 2170/356/549 957/355/548 956/357/550
f 957/355/548 2170/356/549 2171/354/547
f 2169/358/551 956/357/550 955/359/552
f 956/357/550 2169/358/551 2170/356/549
f 2168/360/553 955/359/552 954/361/554
f 955/359/552 2168/360/553 2169/358/551
f 2167/362/555 954/361/554 953/363/556
f 954/361/554 2167/362/555 2168/360/553
f 2166/364/557 941/365/558 952/366/559
f 941/365/558 2166/364/557 2154/367/560
f 2165/368/561 952/366/559 951/369/562
f 952/366/559 2165/368/561 2166/364/557
f 2164/370/563 951/369/562 950/371/564
f 951/369/562 2164/370/563 2165/368/561
f 2163/372/565 950/371/564 949/373/566
f 950/371/564 2163/372/565 2164/370/563
f 2162/374/567 949/373/566 948/375/568
f 949/373/566 2162/374/567 2163/372/565
f 2161/376/569 948/375/568 947/377/570
f 948/375/568 2161/376/569 2162/374/567
f 2160/378/571 947/377/570 946/379/572
f 947/377/570 2160/378/571 2161/376/569
f 2159/380/573 946/379/572 945/381/574
f 946/379/572 2159/380/573 2160/378/571
f 2158/382/575 945/381/574 944/383/576
f 945/381/574 2158/382/575 2159/380/573
f 2157/384/577 944/383/576 943/385/578
f 944/383/576 2157/384/577 2158/382/575
f 2156/386/579 943/385/578 2148/387/580
f 943/385/578 2156/386/579 2157/384/577
f 2154/367/560 942/388/581 941/365/558
f 942/388/581 2154/367/560 2155/389/582
f 1061/194/583 940/358/584 930/360/585
f 940/358/584 1061/194/583 1072/191/586
f 1072/191/586 939/356/587 940/358/584
f 939/356/587 1072/191/586 1071/195/588
f 1071/195/588 938/354/589 939/356/587
f 938/354/589 1071/195/588 1070/197/590
f 1070/197/590 937/352/591 938/354/589
f 937/352/591 1070/197/590 1069/199/592
f 1069/199/592 936/350/593 937/352/591
f 936/350/593 1069/199/592 1068/201/594
f 1068/201/594 935/348/595 936/350/593
f 935/348/595 1068/201/594 1067/203/596
f 1067/203/596 934/346/597 935/348/595
f 934/346/597 1067/203/596 1066/205/598
f 1066/205/598 933/344/599 934/346/597
f 933/344/599 1066/205/598 1065/207/600
f 1065/207/600 932/342/601 933/344/599
f 932/342/601 1065/207/600 1064/209/602
f 1064/209/602 931/338/603 932/342/601
f 931/338/603 1064/209/602 1063/390/604
f 1063/390/604 2153/341/605 931/338/603
f 2153/341/605 1063/390/604 2152/391/606
f 1062/216/607 930/360/585 929/362/608
f 930/360/585 1062/216/607 1061/194/583
f 916/392/609 2151/315/508 928/312/505
f 2151/315/508 916/392/609 2150/393/610
f 915/394/611 928/312/505 927/316/509
f 928/312/505 915/394/611 916/392/609
f 914/395/612 927/316/509 926/318/511
f 927/316/509 914/395/612 915/394/611
f 913/396/613 926/318/511 925/320/513
f 926/318/511 913/396/613 914/395/612
f 912/397/614 925/320/513 924/322/515
f 925/320/513 912/397/614 913/396/613
f 911/398/615 924/322/515 923/324/517
f 924/322/515 911/398/615 912/397/614
f 910/399/616 923/324/517 922/326/519
f 923/324/517 910/399/616 911/398/615
f 909/400/617 922/326/519 921/328/521
f 922/326/519 909/400/617 910/399/616
f 908/401/618 921/328/521 920/330/523
f 921/328/521 908/401/618 909/400/617
f 907/402/619 920/330/523 919/332/525
f 920/330/523 907/402/619 908/401/618
f 906/403/620 919/332/525 918/334/527
f 919/332/525 906/403/620 907/402/619
f 905/404/621 918/334/527 917/336/529
f 918/334/527 905/404/621 906/403/620
f 883/405/622 2150/393/610 916/392/609
f 2150/393/610 883/405/622 2149/406/623
f 884/382/624 916/392/609 915/394/611
f 916/392/609 884/382/624 883/405/622
f 885/380/625 915/394/611 914/395/612
f 915/394/611 885/380/625 884/382/624
f 886/378/626 914/395/612 913/396/613
f 914/395/612 886/378/626 885/380/625
f 887/376/627 913/396/613 912/397/614
f 913/396/613 887/376/627 886/378/626
f 888/374/628 912/397/614 911/398/615
f 912/397/614 888/374/628 887/376/627
f 889/372/629 911/398/615 910/399/616
f 911/398/615 889/372/629 888/374/628
f 890/370/630 910/399/616 909/400/617
f 910/399/616 890/370/630 889/372/629
f 891/368/631 909/400/617 908/401/618
f 909/400/617 891/368/631 890/370/630
f 892/364/632 908/401/618 907/402/619
f 908/401/618 892/364/632 891/368/631
f 881/367/633 907/402/619 906/403/620
f 907/402/619 881/367/633 892/364/632
f 882/389/634 906/403/620 905/404/621
f 906/403/620 882/389/634 881/367/633
f 1053/407/635 1054/408/636 1052/409/637
f 1052/409/637 1054/408/636 1056/410/638
f 1052/409/637 1056/410/638 1060/411/639
f 1052/409/637 1060/411/639 1050/412/640
f 1052/409/637 1050/412/640 1051/413/641
f 1050/412/640 1060/411/639 1049/414/642
f 1060/411/639 1056/410/638 1058/415/643
f 1060/411/639 1058/415/643 1059/416/644
f 1058/415/643 1056/410/638 1057/417/645
f 1056/410/638 1054/408/636 1055/418/646
f 971/419/647 972/420/648 970/421/649
f 970/421/649 972/420/648 974/422/650
f 970/421/649 974/422/650 966/423/651
f 970/421/649 966/423/651 968/424/652
f 970/421/649 968/424/652 969/425/653
f 968/424/652 966/423/651 967/426/654
f 966/423/651 974/422/650 976/427/655
f 966/423/651 976/427/655 965/428/656
f 976/427/655 974/422/650 975/429/657
f 974/422/650 972/420/648 973/430/658
f 941/365/558 955/359/552 952/366/559
f 955/359/552 941/365/558 954/361/554
f 952/366/559 956/357/550 951/369/562
f 956/357/550 952/366/559 955/359/552
f 951/369/562 957/355/548 950/371/564
f 957/355/548 951/369/562 956/357/550
f 950/371/564 958/353/546 949/373/566
f 958/353/546 950/371/564 957/355/548
f 949/373/566 959/351/544 948/375/568
f 959/351/544 949/373/566 958/353/546
f 948/375/568 960/349/542 947/377/570
f 960/349/542 948/375/568 959/351/544
f 947/377/570 961/347/540 946/379/572
f 961/347/540 947/377/570 960/349/542
f 946/379/572 962/345/538 945/381/574
f 962/345/538 946/379/572 961/347/540
f 945/381/574 963/343/536 944/383/576
f 963/343/536 945/381/574 962/345/538
f 944/383/576 964/340/533 943/385/578
f 964/340/533 944/383/576 963/343/536
f 943/385/578 2147/339/532 2148/387/580
f 2147/339/532 943/385/578 964/340/533
f 942/388/581 954/361/554 941/365/558
f 954/361/554 942/388/581 953/363/556
f 880/431/659 2140/432/660 2146/433/661
f 2140/432/660 880/431/659 875/434/662
f 879/435/663 2146/433/661 2145/436/664
f 2146/433/661 879/435/663 880/431/659
f 878/437/665 2145/436/664 2144/438/666
f 2145/436/664 878/437/665 879/435/663
f 877/439/667 2144/438/666 2142/440/668
f 2144/438/666 877/439/667 878/437/665
f 2138/441/669 2142/440/668 2143/442/670
f 2142/440/668 2138/441/669 877/439/667
f 874/443/671 2141/444/672 2139/445/673
f 2141/444/672 874/443/671 876/446/674
f 875/434/662 2139/445/673 2140/432/660
f 2139/445/673 875/434/662 874/443/671
f 873/447/675 875/434/662 880/431/659
f 875/434/662 873/447/675 868/448/676
f 872/449/677 880/431/659 879/435/663
f 880/431/659 872/449/677 873/447/675
f 871/450/678 879/435/663 878/437/665
f 879/435/663 871/450/678 872/449/677
f 870/451/679 878/437/665 877/439/667
f 878/437/665 870/451/679 871/450/678
f 2137/452/680 877/439/667 2138/441/669
f 877/439/667 2137/452/680 870/451/679
f 867/453/681 876/446/674 874/443/671
f 876/446/674 867/453/681 869/454/682
f 868/448/676 874/443/671 875/434/662
f 874/443/671 868/448/676 867/453/681
f 866/455/683 868/448/676 873/447/675
f 868/448/676 866/455/683 861/456/684
f 865/457/685 873/447/675 872/449/677
f 873/447/675 865/457/685 866/455/683
f 864/458/686 872/449/677 871/450/678
f 872/449/677 864/458/686 865/457/685
f 863/459/687 871/450/678 870/451/679
f 871/450/678 863/459/687 864/458/686
f 2136/460/688 870/451/679 2137/452/680
f 870/451/679 2136/460/688 863/459/687
f 860/461/689 869/454/682 867/453/681
f 869/454/682 860/461/689 862/462/690
f 861/456/684 867/453/681 868/448/676
f 867/453/681 861/456/684 860/461/689
f 852/463/691 861/456/684 866/455/683
f 861/456/684 852/463/691 842/464/692
f 850/465/693 866/455/683 865/457/685
f 866/455/683 850/465/693 852/463/691
f 848/466/694 865/457/685 864/458/686
f 865/457/685 848/466/694 850/465/693
f 846/467/695 864/458/686 863/459/687
f 864/458/686 846/467/695 848/466/694
f 2135/468/696 863/459/687 2136/460/688
f 863/459/687 2135/468/696 846/467/695
f 841/469/697 862/462/690 860/461/689
f 862/462/690 841/469/697 844/470/698
f 842/464/692 860/461/689 861/456/684
f 860/461/689 842/464/692 841/469/697
f 858/471/699 859/472/700 856/473/701
f 858/471/699 856/473/701 857/474/702
f 856/473/701 859/472/700 854/475/703
f 856/473/701 854/475/703 855/476/704
f 854/475/703 859/472/700 853/477/705
f 851/478/706 842/464/692 852/463/691
f 842/464/692 851/478/706 839/479/707
f 849/480/708 852/463/691 850/465/693
f 852/463/691 849/480/708 851/478/706
f 847/481/709 850/465/693 848/466/694
f 850/465/693 847/481/709 849/480/708
f 845/482/710 848/466/694 846/467/695
f 848/466/694 845/482/710 847/481/709
f 2134/483/711 846/467/695 2135/468/696
f 846/467/695 2134/483/711 845/482/710
f 840/484/712 844/470/698 841/469/697
f 844/470/698 840/484/712 843/485/713
f 839/479/707 841/469/697 842/464/692
f 841/469/697 839/479/707 840/484/712
f 838/431/714 2127/432/715 2133/433/716
f 2127/432/715 838/431/714 833/434/717
f 837/435/718 2133/433/716 2132/436/719
f 2133/433/716 837/435/718 838/431/714
f 836/437/720 2132/436/719 2131/438/721
f 2132/436/719 836/437/720 837/435/718
f 835/439/722 2131/438/721 2129/440/723
f 2131/438/721 835/439/722 836/437/720
f 2125/441/724 2129/440/723 2130/442/725
f 2129/440/723 2125/441/724 835/439/722
f 832/443/726 2128/444/727 2126/445/728
f 2128/444/727 832/443/726 834/446/729
f 833/434/717 2126/445/728 2127/432/715
f 2126/445/728 833/434/717 832/443/726
f 831/447/730 833/434/717 838/431/714
f 833/434/717 831/447/730 826/448/731
f 830/449/732 838/431/714 837/435/718
f 838/431/714 830/449/732 831/447/730
f 829/450/733 837/435/718 836/437/720
f 837/435/718 829/450/733 830/449/732
f 828/451/734 836/437/720 835/439/722
f 836/437/720 828/451/734 829/450/733
f 2124/452/735 835/439/722 2125/441/724
f 835/439/722 2124/452/735 828/451/734
f 825/453/736 834/446/729 832/443/726
f 834/446/729 825/453/736 827/454/737
f 826/448/731 832/443/726 833/434/717
f 832/443/726 826/448/731 825/453/736
f 824/455/738 826/448/731 831/447/730
f 826/448/731 824/455/738 819/456/739
f 823/457/740 831/447/730 830/449/732
f 831/447/730 823/457/740 824/455/738
f 822/458/741 830/449/732 829/450/733
f 830/449/732 822/458/741 823/457/740
f 821/459/742 829/450/733 828/451/734
f 829/450/733 821/459/742 822/458/741
f 2123/460/743 828/451/734 2124/452/735
f 828/451/734 2123/460/743 821/459/742
f 818/461/744 827/454/737 825/453/736
f 827/454/737 818/461/744 820/462/745
f 819/456/739 825/453/736 826/448/731
f 825/453/736 819/456/739 818/461/744
f 810/463/746 819/456/739 824/455/738
f 819/456/739 810/463/746 800/464/747
f 808/465/748 824/455/738 823/457/740
f 824/455/738 808/465/748 810/463/746
f 806/466/749 823/457/740 822/458/741
f 823/457/740 806/466/749 808/465/748
f 804/467/750 822/458/741 821/459/742
f 822/458/741 804/467/750 806/466/749
f 2122/468/751 821/459/742 2123/460/743
f 821/459/742 2122/468/751 804/467/750
f 799/469/752 820/462/745 818/461/744
f 820/462/745 799/469/752 802/470/753
f 800/464/747 818/461/744 819/456/739
f 818/461/744 800/464/747 799/469/752
f 816/471/754 817/472/755 814/473/756
f 816/471/754 814/473/756 815/474/757
f 814/473/756 817/472/755 812/475/758
f 814/473/756 812/475/758 813/476/759
f 812/475/758 817/472/755 811/477/760
f 809/478/761 800/464/747 810/463/746
f 800/464/747 809/478/761 797/479/762
f 807/480/763 810/463/746 808/465/748
f 810/463/746 807/480/763 809/478/761
f 805/481/764 808/465/748 806/466/749
f 808/465/748 805/481/764 807/480/763
f 803/482/765 806/466/749 804/467/750
f 806/466/749 803/482/765 805/481/764
f 2121/483/766 804/467/750 2122/468/751
f 804/467/750 2121/483/766 803/482/765
f 798/484/767 802/470/753 799/469/752
f 802/470/753 798/484/767 801/485/768
f 797/479/762 799/469/752 800/464/747
f 799/469/752 797/479/762 798/484/767
f 796/431/769 2114/432/770 2120/433/771
f 2114/432/770 796/431/769 791/434/772
f 795/435/773 2120/433/771 2119/436/774
f 2120/433/771 795/435/773 796/431/769
f 794/437/775 2119/436/774 2118/438/776
f 2119/436/774 794/437/775 795/435/773
f 793/439/777 2118/438/776 2116/440/778
f 2118/438/776 793/439/777 794/437/775
f 2112/441/779 2116/440/778 2117/442/780
f 2116/440/778 2112/441/779 793/439/777
f 790/443/781 2115/444/782 2113/445/783
f 2115/444/782 790/443/781 792/446/784
f 791/434/772 2113/445/783 2114/432/770
f 2113/445/783 791/434/772 790/443/781
f 789/447/785 791/434/772 796/431/769
f 791/434/772 789/447/785 784/448/786
f 788/449/787 796/431/769 795/435/773
f 796/431/769 788/449/787 789/447/785
f 787/450/788 795/435/773 794/437/775
f 795/435/773 787/450/788 788/449/787
f 786/451/789 794/437/775 793/439/777
f 794/437/775 786/451/789 787/450/788
f 2111/452/790 793/439/777 2112/441/779
f 793/439/777 2111/452/790 786/451/789
f 783/453/791 792/446/784 790/443/781
f 792/446/784 783/453/791 785/454/792
f 784/448/786 790/443/781 791/434/772
f 790/443/781 784/448/786 783/453/791
f 782/455/793 784/448/786 789/447/785
f 784/448/786 782/455/793 777/456/794
f 781/457/795 789/447/785 788/449/787
f 789/447/785 781/457/795 782/455/793
f 780/458/796 788/449/787 787/450/788
f 788/449/787 780/458/796 781/457/795
f 779/459/797 787/450/788 786/451/789
f 787/450/788 779/459/797 780/458/796
f 2110/460/798 786/451/789 2111/452/790
f 786/451/789 2110/460/798 779/459/797
f 776/461/799 785/454/792 783/453/791
f 785/454/792 776/461/799 778/462/800
f 777/456/794 783/453/791 784/448/786
f 783/453/791 777/456/794 776/461/799
f 768/463/801 777/456/794 782/455/793
f 777/456/794 768/463/801 758/464/802
f 766/465/803 782/455/793 781/457/795
f 782/455/793 766/465/803 768/463/801
f 764/466/804 781/457/795 780/458/796
f 781/457/795 764/466/804 766/465/803
f 762/467/805 780/458/796 779/459/797
f 780/458/796 762/467/805 764/466/804
f 2109/468/806 779/459/797 2110/460/798
f 779/459/797 2109/468/806 762/467/805
f 757/469/807 778/462/800 776/461/799
f 778/462/800 757/469/807 760/470/808
f 758/464/802 776/461/799 777/456/794
f 776/461/799 758/464/802 757/469/807
f 774/471/809 775/472/810 772/473/811
f 774/471/809 772/473/811 773/474/812
f 772/473/811 775/472/810 770/475/813
f 772/473/811 770/475/813 771/476/814
f 770/475/813 775/472/810 769/477/815
f 767/478/816 758/464/802 768/463/801
f 758/464/802 767/478/816 755/479/817
f 765/480/818 768/463/801 766/465/803
f 768/463/801 765/480/818 767/478/816
f 763/481/819 766/465/803 764/466/804
f 766/465/803 763/481/819 765/480/818
f 761/482/820 764/466/804 762/467/805
f 764/466/804 761/482/820 763/481/819
f 2108/483/821 762/467/805 2109/468/806
f 762/467/805 2108/483/821 761/482/820
f 756/484/822 760/470/808 757/469/807
f 760/470/808 756/484/822 759/485/823
f 755/479/817 757/469/807 758/464/802
f 757/469/807 755/479/817 756/484/822
f 747/431/824 2101/432/825 2107/433/771
f 2101/432/825 747/431/824 741/434/772
f 746/435/773 2107/433/771 2106/436/826
f 2107/433/771 746/435/773 747/431/824
f 745/437/775 2106/436/826 2105/438/776
f 2106/436/826 745/437/775 746/435/773
f 744/439/777 2105/438/776 2103/440/778
f 2105/438/776 744/439/777 745/437/775
f 2099/441/779 2103/440/778 2104/442/780
f 2103/440/778 2099/441/779 744/439/777
f 742/443/781 2102/444/782 2100/445/783
f 2102/444/782 742/443/781 743/446/784
f 741/434/772 2100/445/783 2101/432/825
f 2100/445/783 741/434/772 742/443/781
f 740/447/785 741/434/772 747/431/824
f 741/434/772 740/447/785 734/448/786
f 739/449/787 747/431/824 746/435/773
f 747/431/824 739/449/787 740/447/785
f 738/450/788 746/435/773 745/437/775
f 746/435/773 738/450/788 739/449/787
f 737/451/789 745/437/775 744/439/777
f 745/437/775 737/451/789 738/450/788
f 2098/452/827 744/439/777 2099/441/779
f 744/439/777 2098/452/827 737/451/789
f 735/453/791 743/446/784 742/443/781
f 743/446/784 735/453/791 736/454/792
f 734/448/786 742/443/781 741/434/772
f 742/443/781 734/448/786 735/453/791
f 733/455/793 734/448/786 740/447/785
f 734/448/786 733/455/793 727/456/794
f 732/457/795 740/447/785 739/449/787
f 740/447/785 732/457/795 733/455/793
f 731/458/796 739/449/787 738/450/788
f 739/449/787 731/458/796 732/457/795
f 730/459/797 738/450/788 737/451/789
f 738/450/788 730/459/797 731/458/796
f 2097/460/798 737/451/789 2098/452/827
f 737/451/789 2097/460/798 730/459/797
f 728/461/799 736/454/792 735/453/791
f 736/454/792 728/461/799 729/462/800
f 727/456/794 735/453/791 734/448/786
f 735/453/791 727/456/794 728/461/799
f 726/463/801 727/456/794 733/455/793
f 727/456/794 726/463/801 720/464/802
f 725/465/803 733/455/793 732/457/795
f 733/455/793 725/465/803 726/463/801
f 724/466/804 732/457/795 731/458/796
f 732/457/795 724/466/804 725/465/803
f 723/467/805 731/458/796 730/459/797
f 731/458/796 723/467/805 724/466/804
f 2096/468/806 730/459/797 2097/460/798
f 730/459/797 2096/468/806 723/467/805
f 721/469/807 729/462/800 728/461/799
f 729/462/800 721/469/807 722/470/808
f 720/464/802 728/461/799 727/456/794
f 728/461/799 720/464/802 721/469/807
f 753/471/809 754/472/828 751/473/811
f 753/471/809 751/473/811 752/474/812
f 751/473/811 754/472/828 749/475/813
f 751/473/811 749/475/813 750/476/814
f 749/475/813 754/472/828 748/477/815
f 719/478/816 720/464/802 726/463/801
f 720/464/802 719/478/816 713/479/817
f 718/480/818 726/463/801 725/465/803
f 726/463/801 718/480/818 719/478/816
f 717/481/819 725/465/803 724/466/804
f 725/465/803 717/481/819 718/480/818
f 716/482/820 724/466/804 723/467/805
f 724/466/804 716/482/820 717/481/819
f 2095/483/821 723/467/805 2096/468/806
f 723/467/805 2095/483/821 716/482/820
f 714/484/822 722/470/808 721/469/807
f 722/470/808 714/484/822 715/485/823
f 713/479/817 721/469/807 720/464/802
f 721/469/807 713/479/817 714/484/822
f 702/486/829 2085/487/830 2094/488/831
f 2085/487/830 702/486/829 693/489/832
f 701/490/833 2094/488/831 2093/491/834
f 2094/488/831 701/490/833 702/486/829
f 700/492/835 2093/491/834 2092/493/836
f 2093/491/834 700/492/835 701/490/833
f 699/494/837 2092/493/836 2091/495/838
f 2092/493/836 699/494/837 700/492/835
f 698/496/839 2091/495/838 2089/497/840
f 2091/495/838 698/496/839 699/494/837
f 2083/498/841 2089/497/840 2090/499/842
f 2089/497/840 2083/498/841 698/496/839
f 696/500/843 2088/501/844 2087/502/845
f 2088/501/844 696/500/843 697/503/846
f 695/504/847 2087/502/845 2086/505/848
f 2087/502/845 695/504/847 696/500/843
f 694/506/849 2086/505/848 2084/507/850
f 2086/505/848 694/506/849 695/504/847
f 693/489/832 2084/507/850 2085/487/830
f 2084/507/850 693/489/832 694/506/849
f 692/508/851 693/489/832 702/486/829
f 693/489/832 692/508/851 683/509/852
f 691/510/853 702/486/829 701/490/833
f 702/486/829 691/510/853 692/508/851
f 690/511/854 701/490/833 700/492/835
f 701/490/833 690/511/854 691/510/853
f 689/512/855 700/492/835 699/494/837
f 700/492/835 689/512/855 690/511/854
f 688/513/856 699/494/837 698/496/839
f 699/494/837 688/513/856 689/512/855
f 2078/514/857 698/496/839 2083/498/841
f 698/496/839 2078/514/857 688/513/856
f 686/515/858 697/503/846 696/500/843
f 697/503/846 686/515/858 687/516/859
f 685/517/860 696/500/843 695/504/847
f 696/500/843 685/517/860 686/515/858
f 684/518/861 695/504/847 694/506/849
f 695/504/847 684/518/861 685/517/860
f 683/509/852 694/506/849 693/489/832
f 694/506/849 683/509/852 684/518/861
f 2082/519/862 683/509/852 692/508/851
f 683/509/852 2082/519/862 2071/520/863
f 2081/521/864 692/508/851 691/510/853
f 692/508/851 2081/521/864 2082/519/862
f 2080/522/865 691/510/853 690/511/854
f 691/510/853 2080/522/865 2081/521/864
f 2079/523/866 690/511/854 689/512/855
f 690/511/854 2079/523/866 2080/522/865
f 2077/524/867 689/512/855 688/513/856
f 689/512/855 2077/524/867 2079/523/866
f 2076/525/868 688/513/856 2078/514/857
f 688/513/856 2076/525/868 2077/524/867
f 2074/526/869 687/516/859 686/515/858
f 687/516/859 2074/526/869 2075/527/870
f 2073/528/871 686/515/858 685/517/860
f 686/515/858 2073/528/871 2074/526/869
f 2072/529/872 685/517/860 684/518/861
f 685/517/860 2072/529/872 2073/528/871
f 2071/520/863 684/518/861 683/509/852
f 684/518/861 2071/520/863 2072/529/872
f 2070/530/873 673/520/874 682/519/875
f 673/520/874 2070/530/873 2059/531/876
f 2069/532/877 682/519/875 681/521/878
f 682/519/875 2069/532/877 2070/530/873
f 2068/533/879 681/521/878 680/522/880
f 681/521/878 2068/533/879 2069/532/877
f 2067/534/881 680/522/880 679/523/882
f 680/522/880 2067/534/881 2068/533/879
f 2065/535/883 679/523/882 678/524/884
f 679/523/882 2065/535/883 2067/534/881
f 2064/536/885 678/524/884 2066/525/886
f 678/524/884 2064/536/885 2065/535/883
f 2062/537/887 677/527/888 676/526/889
f 677/527/888 2062/537/887 2063/538/890
f 2061/539/891 676/526/889 675/528/892
f 676/526/889 2061/539/891 2062/537/887
f 2060/540/893 675/528/892 674/529/894
f 675/528/892 2060/540/893 2061/539/891
f 2059/531/876 674/529/894 673/520/874
f 674/529/894 2059/531/876 2060/540/893
f 2058/541/895 663/531/896 672/530/897
f 663/531/896 2058/541/895 2047/542/898
f 2057/543/899 672/530/897 671/532/900
f 672/530/897 2057/543/899 2058/541/895
f 2056/544/901 671/532/900 670/533/902
f 671/532/900 2056/544/901 2057/543/899
f 2055/545/903 670/533/902 669/534/904
f 670/533/902 2055/545/903 2056/544/901
f 2053/546/905 669/534/904 668/535/906
f 669/534/904 2053/546/905 2055/545/903
f 2052/547/907 668/535/906 2054/536/908
f 668/535/906 2052/547/907 2053/546/905
f 2050/548/909 667/538/910 666/537/911
f 667/538/910 2050/548/909 2051/549/912
f 2049/550/913 666/537/911 665/539/914
f 666/537/911 2049/550/913 2050/548/909
f 2048/551/915 665/539/914 664/540/916
f 665/539/914 2048/551/915 2049/550/913
f 2047/542/898 664/540/916 663/531/896
f 664/540/916 2047/542/898 2048/551/915
f 707/552/917 708/553/918 706/554/845
f 706/554/845 708/553/918 704/555/919
f 706/554/845 704/555/919 705/556/920
f 704/555/919 708/553/918 710/557/921
f 704/555/919 710/557/921 712/558/831
f 704/555/919 712/558/831 703/559/922
f 712/558/831 710/557/921 711/560/923
f 710/557/921 708/553/918 709/561/924
f 652/550/925 653/562/926 662/563/927
f 653/562/926 652/550/925 643/551/928
f 651/548/889 662/563/927 661/564/929
f 662/563/927 651/548/889 652/550/925
f 2045/549/888 661/564/929 2046/565/890
f 661/564/929 2045/549/888 651/548/889
f 649/546/930 660/566/931 659/567/932
f 660/566/931 649/546/930 650/547/886
f 648/545/933 659/567/932 658/568/934
f 659/567/932 648/545/933 649/546/930
f 647/544/935 658/568/934 657/569/936
f 658/568/934 647/544/935 648/545/933
f 646/543/878 657/569/936 656/570/937
f 657/569/936 646/543/878 647/544/935
f 645/541/938 656/570/937 655/571/873
f 656/570/937 645/541/938 646/543/878
f 644/542/939 655/571/873 654/572/940
f 655/571/873 644/542/939 645/541/938
f 643/551/928 654/572/940 653/562/926
f 654/572/940 643/551/928 644/542/939
f 2039/573/941 1938/574/942 2040/575/943
f 1938/574/942 2039/573/941 1935/576/944
f 2038/577/945 2522/578/946 642/579/947
f 2522/578/946 2038/577/945 2521/580/948
f 2037/575/949 572/576/950 641/573/951
f 572/576/950 2037/575/949 1931/574/952
f 2041/581/953 2043/582/954 2044/583/955
f 2043/582/954 2041/581/953 2042/584/956
f 2033/585/957 2040/575/943 2034/586/958
f 2040/575/943 2033/585/957 2039/573/941
f 2032/587/959 642/579/947 638/588/960
f 642/579/947 2032/587/959 2038/577/945
f 2031/586/961 641/573/951 637/585/962
f 641/573/951 2031/586/961 2037/575/949
f 2035/589/963 640/582/964 2036/590/965
f 640/582/964 2035/589/963 639/584/966
f 2027/591/967 2034/586/958 2028/592/968
f 2034/586/958 2027/591/967 2033/585/957
f 2026/593/969 638/588/960 634/594/970
f 638/588/960 2026/593/969 2032/587/959
f 2025/592/971 637/585/962 633/591/972
f 637/585/962 2025/592/971 2031/586/961
f 2029/581/973 636/582/974 2030/583/975
f 636/582/974 2029/581/973 635/584/976
f 2021/595/977 2028/592/968 2022/596/978
f 2028/592/968 2021/595/977 2027/591/967
f 2020/597/979 634/594/970 630/598/980
f 634/594/970 2020/597/979 2026/593/969
f 2019/596/981 633/591/972 629/595/982
f 633/591/972 2019/596/981 2025/592/971
f 2023/581/983 632/582/984 2024/583/985
f 632/582/984 2023/581/983 631/584/986
f 2015/599/987 2022/596/978 2016/600/988
f 2022/596/978 2015/599/987 2021/595/977
f 2014/601/989 630/598/980 626/602/990
f 630/598/980 2014/601/989 2020/597/979
f 2013/600/991 629/595/982 625/599/992
f 629/595/982 2013/600/991 2019/596/981
f 2017/603/993 628/582/994 2018/590/995
f 628/582/994 2017/603/993 627/584/996
f 2009/604/997 2016/600/988 2010/605/998
f 2016/600/988 2009/604/997 2015/599/987
f 2008/606/999 626/602/990 622/607/1000
f 626/602/990 2008/606/999 2014/601/989
f 2007/605/1001 625/599/992 621/604/1002
f 625/599/992 2007/605/1001 2013/600/991
f 2011/582/1003 624/603/1004 2012/584/1005
f 624/603/1004 2011/582/1003 623/590/1006
f 2003/608/1007 2010/605/998 2004/609/1008
f 2010/605/998 2003/608/1007 2009/604/997
f 2002/610/1009 622/607/1000 618/611/1010
f 622/607/1000 2002/610/1009 2008/606/999
f 2001/609/1011 621/604/1002 617/608/1012
f 621/604/1002 2001/609/1011 2007/605/1001
f 2005/582/1013 620/589/1014 2006/612/1015
f 620/589/1014 2005/582/1013 619/590/1016
f 1997/613/1017 2004/609/1008 1998/614/1018
f 2004/609/1008 1997/613/1017 2003/608/1007
f 1996/615/1019 618/611/1010 614/616/1020
f 618/611/1010 1996/615/1019 2002/610/1009
f 1995/614/1021 617/608/1012 613/613/1022
f 617/608/1012 1995/614/1021 2001/609/1011
f 1999/582/1023 616/581/1024 2000/584/1025
f 616/581/1024 1999/582/1023 615/583/1026
f 1991/617/1027 1998/614/1018 1992/618/1028
f 1998/614/1018 1991/617/1027 1997/613/1017
f 1990/619/1029 614/616/1020 610/620/1030
f 614/616/1020 1990/619/1029 1996/615/1019
f 1989/618/1031 613/613/1022 609/617/1032
f 613/613/1022 1989/618/1031 1995/614/1021
f 1993/582/1033 612/603/1034 1994/584/1035
f 612/603/1034 1993/582/1033 611/590/1036
f 1985/621/1037 1992/618/1028 1986/622/1038
f 1992/618/1028 1985/621/1037 1991/617/1027
f 2519/623/1039 610/620/1030 2520/624/1040
f 610/620/1030 2519/623/1039 1990/619/1029
f 1983/622/1041 609/617/1032 605/621/1042
f 609/617/1032 1983/622/1041 1989/618/1031
f 1987/582/1043 608/581/1044 1988/584/1045
f 608/581/1044 1987/582/1043 607/590/1046
f 1979/625/1047 1986/622/1038 1980/626/1048
f 1986/622/1038 1979/625/1047 1985/621/1037
f 1978/627/1049 606/624/1050 602/628/1051
f 606/624/1050 1978/627/1049 1984/623/1052
f 1977/626/1053 605/621/1042 601/625/1054
f 605/621/1042 1977/626/1053 1983/622/1041
f 1981/582/1055 604/603/1056 1982/584/1057
f 604/603/1056 1981/582/1055 603/590/1058
f 1973/629/1059 1980/626/1048 1974/630/1060
f 1980/626/1048 1973/629/1059 1979/625/1047
f 1972/631/1061 602/628/1051 598/632/1062
f 602/628/1051 1972/631/1061 1978/627/1049
f 1971/630/1063 601/625/1054 597/629/1064
f 601/625/1054 1971/630/1063 1977/626/1053
f 1975/582/1065 600/603/1066 1976/584/1067
f 600/603/1066 1975/582/1065 599/590/1068
f 1967/633/1069 1974/630/1060 1968/634/1070
f 1974/630/1060 1967/633/1069 1973/629/1059
f 1966/635/1071 598/632/1062 594/636/1072
f 598/632/1062 1966/635/1071 1972/631/1061
f 1965/634/1073 597/629/1064 593/633/1074
f 597/629/1064 1965/634/1073 1971/630/1063
f 1969/582/1075 596/603/1076 1970/584/1077
f 596/603/1076 1969/582/1075 595/590/1078
f 1961/637/1079 1968/634/1070 1962/638/1080
f 1968/634/1070 1961/637/1079 1967/633/1069
f 1960/639/1081 594/636/1072 590/640/1082
f 594/636/1072 1960/639/1081 1966/635/1071
f 1959/638/1083 593/633/1074 589/637/1084
f 593/633/1074 1959/638/1083 1965/634/1073
f 1963/582/1085 592/603/1086 1964/584/1087
f 592/603/1086 1963/582/1085 591/590/1088
f 1955/641/1089 1962/638/1080 1956/642/1090
f 1962/638/1080 1955/641/1089 1961/637/1079
f 1954/643/1091 590/640/1082 586/644/1092
f 590/640/1082 1954/643/1091 1960/639/1081
f 1953/642/1093 589/637/1084 585/641/1094
f 589/637/1084 1953/642/1093 1959/638/1083
f 1957/603/1095 588/582/1096 1958/590/1097
f 588/582/1096 1957/603/1095 587/584/1098
f 1949/645/1099 1956/642/1090 1950/646/1100
f 1956/642/1090 1949/645/1099 1955/641/1089
f 1948/647/1101 586/644/1092 582/648/1102
f 586/644/1092 1948/647/1101 1954/643/1091
f 1947/646/1103 585/641/1094 581/645/1104
f 585/641/1094 1947/646/1103 1953/642/1093
f 1951/603/1105 584/582/1106 1952/590/1107
f 584/582/1106 1951/603/1105 583/584/1108
f 1943/649/1109 1950/646/1100 1944/650/1110
f 1950/646/1100 1943/649/1109 1949/645/1099
f 1942/651/1111 582/648/1102 578/652/1112
f 582/648/1102 1942/651/1111 1948/647/1101
f 1941/650/1113 581/645/1104 577/649/1114
f 581/645/1104 1941/650/1113 1947/646/1103
f 1945/603/1115 580/582/1116 1946/590/1117
f 580/582/1116 1945/603/1115 579/584/1118
f 1936/653/1119 1944/650/1110 1937/654/1120
f 1944/650/1110 1936/653/1119 1943/649/1109
f 1934/655/1121 578/652/1112 573/656/1122
f 578/652/1112 1934/655/1121 1942/651/1111
f 1932/654/1123 577/649/1114 571/653/1124
f 577/649/1114 1932/654/1123 1941/650/1113
f 1939/603/1125 576/582/1126 1940/590/1127
f 576/582/1126 1939/603/1125 575/584/1128
f 1935/576/944 1937/654/1120 1938/574/942
f 1937/654/1120 1935/576/944 1936/653/1119
f 1933/580/1129 573/656/1122 574/578/1130
f 573/656/1122 1933/580/1129 1934/655/1121
f 1931/574/952 571/653/1124 572/576/950
f 571/653/1124 1931/574/952 1932/654/1123
f 567/581/1131 569/582/1132 570/583/1133
f 569/582/1132 567/581/1131 568/584/1134
f 1927/657/1135 1929/658/1136 1930/659/1137
f 1929/658/1136 1927/657/1135 1928/660/1138
f 1925/661/1139 565/662/1140 566/663/1141
f 565/662/1140 1925/661/1139 1926/664/1142
f 1923/665/1143 563/666/1144 564/667/1145
f 563/666/1144 1923/665/1143 1924/668/1146
f 559/669/1147 561/670/1148 562/671/1149
f 561/670/1148 559/669/1147 560/672/1150
f 1919/657/1151 1921/658/1152 1922/659/1153
f 1921/658/1152 1919/657/1151 1920/660/1154
f 1917/661/1155 557/662/1156 558/663/1157
f 557/662/1156 1917/661/1155 1918/664/1158
f 1915/665/1159 555/666/1160 556/667/1161
f 555/666/1160 1915/665/1159 1916/668/1162
f 551/669/1163 553/670/1164 554/671/1165
f 553/670/1164 551/669/1163 552/672/1166
f 1911/657/1167 1913/658/1168 1914/659/1169
f 1913/658/1168 1911/657/1167 1912/660/1170
f 1909/661/1171 549/662/1172 550/663/1173
f 549/662/1172 1909/661/1171 1910/664/1174
f 1907/665/1175 547/666/1176 548/667/1177
f 547/666/1176 1907/665/1175 1908/668/1178
f 543/669/1179 545/670/1180 546/671/1181
f 545/670/1180 543/669/1179 544/672/1182
f 1903/657/1183 1905/658/1184 1906/659/1185
f 1905/658/1184 1903/657/1183 1904/660/1186
f 1901/661/1187 541/662/1188 542/663/1189
f 541/662/1188 1901/661/1187 1902/664/1190
f 1899/665/1191 539/666/1192 540/667/1193
f 539/666/1192 1899/665/1191 1900/668/1194
f 535/669/1195 537/670/1196 538/671/1197
f 537/670/1196 535/669/1195 536/672/1198
f 1895/657/1199 1897/658/1200 1898/659/1201
f 1897/658/1200 1895/657/1199 1896/660/1202
f 1893/661/1203 533/662/1204 534/663/1205
f 533/662/1204 1893/661/1203 1894/664/1206
f 1891/665/1207 531/666/1208 532/667/1209
f 531/666/1208 1891/665/1207 1892/668/1210
f 527/669/1211 529/670/1212 530/671/1213
f 529/670/1212 527/669/1211 528/672/1214
f 1887/657/1215 1889/658/1216 1890/659/1217
f 1889/658/1216 1887/657/1215 1888/660/1218
f 1885/661/1219 525/662/1220 526/663/1221
f 525/662/1220 1885/661/1219 1886/664/1222
f 1883/665/1223 523/666/1224 524/667/1225
f 523/666/1224 1883/665/1223 1884/668/1226
f 519/669/1227 521/670/1228 522/671/1229
f 521/670/1228 519/669/1227 520/672/1230
f 1879/657/1231 1881/658/1232 1882/659/1233
f 1881/658/1232 1879/657/1231 1880/660/1234
f 1877/661/1235 517/662/1236 518/663/1237
f 517/662/1236 1877/661/1235 1878/664/1238
f 1875/665/1239 515/666/1240 516/667/1241
f 515/666/1240 1875/665/1239 1876/668/1242
f 511/669/1243 513/670/1244 514/671/1245
f 513/670/1244 511/669/1243 512/672/1246
f 1871/657/1247 1873/658/1248 1874/659/1249
f 1873/658/1248 1871/657/1247 1872/660/1250
f 1869/661/1251 509/662/1252 510/663/1253
f 509/662/1252 1869/661/1251 1870/664/1254
f 1867/665/1255 507/666/1256 508/667/1257
f 507/666/1256 1867/665/1255 1868/668/1258
f 503/669/1259 505/670/1260 506/671/1261
f 505/670/1260 503/669/1259 504/672/1262
f 1863/657/1263 1865/658/1264 1866/659/1265
f 1865/658/1264 1863/657/1263 1864/660/1266
f 1861/661/1267 501/662/1268 502/663/1269
f 501/662/1268 1861/661/1267 1862/664/1270
f 1859/665/1271 499/666/1272 500/667/1273
f 499/666/1272 1859/665/1271 1860/668/1274
f 495/669/1275 497/670/1276 498/671/1277
f 497/670/1276 495/669/1275 496/672/1278
f 1855/657/1279 1857/658/1280 1858/659/1281
f 1857/658/1280 1855/657/1279 1856/660/1282
f 1853/661/1283 493/662/1284 494/663/1285
f 493/662/1284 1853/661/1283 1854/664/1286
f 1851/665/1287 491/666/1288 492/667/1289
f 491/666/1288 1851/665/1287 1852/668/1290
f 487/669/1291 489/670/1292 490/671/1293
f 489/670/1292 487/669/1291 488/672/1294
f 1850/673/1295 1836/674/1296 1835/675/1297
f 1836/674/1296 1850/673/1295 1849/676/1298
f 1848/677/1299 1849/676/1298 1850/673/1295
f 1849/676/1298 1848/677/1299 1847/678/1300
f 1846/679/1301 1847/678/1300 1848/677/1299
f 1847/678/1300 1846/679/1301 1845/680/1302
f 1844/681/1303 1845/680/1302 1846/679/1301
f 1845/680/1302 1844/681/1303 1843/682/1304
f 1842/683/1305 1843/682/1304 1844/681/1303
f 1843/682/1304 1842/683/1305 1841/684/1306
f 1840/685/1307 1841/684/1306 1842/683/1305
f 1841/684/1306 1840/685/1307 1839/686/1308
f 1838/687/1309 1839/686/1308 1840/685/1307
f 1839/686/1308 1838/687/1309 1837/688/1310
f 1835/675/1297 1837/688/1310 1838/687/1309
f 1837/688/1310 1835/675/1297 1836/674/1296
s 0
f 479/674/1 480/676/1 486/688/1
f 486/688/1 480/676/1 484/684/1
f 486/688/1 484/684/1 485/686/1
f 484/684/1 480/676/1 482/680/1
f 484/684/1 482/680/1 483/682/1
f 482/680/1 480/676/1 481/678/1
s 1
f 478/689/1311 464/690/1297 463/691/1312
f 464/690/1297 478/689/1311 477/692/1295
f 476/693/1313 477/692/1295 478/689/1311
f 477/692/1295 476/693/1313 475/694/1299
f 474/695/1314 475/694/1299 476/693/1313
f 475/694/1299 474/695/1314 473/696/1301
f 472/697/1315 473/696/1301 474/695/1314
f 473/696/1301 472/697/1315 471/698/1303
f 470/699/1316 471/698/1303 472/697/1315
f 471/698/1303 470/699/1316 469/700/1305
f 1833/701/1317 469/700/1305 470/699/1316
f 469/700/1305 1833/701/1317 1834/702/1318
f 466/703/1319 467/704/1320 468/705/1321
f 467/704/1320 466/703/1319 465/706/1309
f 463/691/1312 465/706/1309 466/703/1319
f 465/706/1309 463/691/1312 464/690/1297
f 1829/657/1322 1831/658/1323 1832/659/1324
f 1831/658/1323 1829/657/1322 1830/660/1325
f 1827/661/1326 461/662/1327 462/663/1328
f 461/662/1327 1827/661/1326 1828/664/1329
f 1825/665/1330 459/666/1331 460/667/1332
f 459/666/1331 1825/665/1330 1826/668/1333
f 455/669/1334 457/670/1335 458/671/1336
f 457/670/1335 455/669/1334 456/672/1337
f 1821/657/1338 1823/658/1339 1824/659/1340
f 1823/658/1339 1821/657/1338 1822/660/1341
f 1819/661/1342 453/662/1343 454/663/1344
f 453/662/1343 1819/661/1342 1820/664/1345
f 1817/665/1346 451/666/1347 452/667/1348
f 451/666/1347 1817/665/1346 1818/668/1349
f 447/669/1350 449/670/1351 450/671/1352
f 449/670/1351 447/669/1350 448/672/1353
f 1811/573/1124 1710/574/1354 1812/575/1355
f 1710/574/1354 1811/573/1124 1707/576/1356
f 1810/577/1122 2518/578/1129 446/579/1121
f 2518/578/1129 1810/577/1122 2517/580/1130
f 1809/575/1357 376/576/1358 445/573/1119
f 376/576/1358 1809/575/1357 1703/574/1359
f 1813/582/1132 1815/603/1131 1816/584/1134
f 1815/603/1131 1813/582/1132 1814/590/1133
f 1805/585/1114 1812/575/1355 1806/586/1113
f 1812/575/1355 1805/585/1114 1811/573/1124
f 1804/587/1112 446/579/1121 442/588/1111
f 446/579/1121 1804/587/1112 1810/577/1122
f 1803/586/1360 445/573/1119 441/585/1109
f 445/573/1119 1803/586/1360 1809/575/1357
f 1807/582/1126 444/603/1125 1808/584/1128
f 444/603/1125 1807/582/1126 443/590/1127
f 1799/591/1104 1806/586/1113 1800/592/1361
f 1806/586/1113 1799/591/1104 1805/585/1114
f 1798/593/1102 442/588/1111 438/594/1101
f 442/588/1111 1798/593/1102 1804/587/1112
f 1797/592/1362 441/585/1109 437/591/1099
f 441/585/1109 1797/592/1362 1803/586/1360
f 1801/582/1116 440/603/1115 1802/584/1118
f 440/603/1115 1801/582/1116 439/590/1117
f 1793/595/1363 1800/592/1361 1794/596/1364
f 1800/592/1361 1793/595/1363 1799/591/1104
f 1792/597/1092 438/594/1101 434/598/1091
f 438/594/1101 1792/597/1092 1798/593/1102
f 1791/596/1365 437/591/1099 433/595/1089
f 437/591/1099 1791/596/1365 1797/592/1362
f 1795/582/1106 436/603/1105 1796/584/1108
f 436/603/1105 1795/582/1106 435/590/1107
f 1787/599/1084 1794/596/1364 1788/600/1366
f 1794/596/1364 1787/599/1084 1793/595/1363
f 1786/601/1082 434/598/1091 430/602/1081
f 434/598/1091 1786/601/1082 1792/597/1092
f 1785/600/1080 433/595/1089 429/599/1079
f 433/595/1089 1785/600/1080 1791/596/1365
f 1789/582/1096 432/603/1095 1790/584/1098
f 432/603/1095 1789/582/1096 431/590/1097
f 1781/604/1367 1788/600/1366 1782/605/1368
f 1788/600/1366 1781/604/1367 1787/599/1084
f 1780/606/1072 430/602/1081 426/607/1071
f 430/602/1081 1780/606/1072 1786/601/1082
f 1779/605/1369 429/599/1079 425/604/1069
f 429/599/1079 1779/605/1369 1785/600/1080
f 1783/582/1086 428/603/1085 1784/584/1088
f 428/603/1085 1783/582/1086 427/590/1087
f 1775/608/1064 1782/605/1368 1776/609/1370
f 1782/605/1368 1775/608/1064 1781/604/1367
f 1774/610/1062 426/607/1071 422/611/1061
f 426/607/1071 1774/610/1062 1780/606/1072
f 1773/609/1371 425/604/1069 421/608/1059
f 425/604/1069 1773/609/1371 1779/605/1369
f 1777/582/1076 424/589/1075 1778/612/1078
f 424/589/1075 1777/582/1076 423/590/1077
f 1769/613/1054 1776/609/1370 1770/614/1372
f 1776/609/1370 1769/613/1054 1775/608/1064
f 1768/615/1051 422/611/1061 418/616/1049
f 422/611/1061 1768/615/1051 1774/610/1062
f 1767/614/1373 421/608/1059 417/613/1047
f 421/608/1059 1767/614/1373 1773/609/1371
f 1771/582/1066 420/581/1065 1772/584/1068
f 420/581/1065 1771/582/1066 419/583/1067
f 1763/617/1042 1770/614/1372 1764/618/1374
f 1770/614/1372 1763/617/1042 1769/613/1054
f 1762/619/1375 418/616/1049 414/620/1376
f 418/616/1049 1762/619/1375 1768/615/1051
f 1761/618/1038 417/613/1047 413/617/1037
f 417/613/1047 1761/618/1038 1767/614/1373
f 1765/582/1056 416/603/1055 1766/584/1058
f 416/603/1055 1765/582/1056 415/590/1057
f 1757/621/1032 1764/618/1374 1758/622/1031
f 1764/618/1374 1757/621/1032 1763/617/1042
f 2515/623/1377 414/620/1376 2516/624/1378
f 414/620/1376 2515/623/1377 1762/619/1375
f 1755/622/1028 413/617/1037 409/621/1027
f 413/617/1037 1755/622/1028 1761/618/1038
f 1759/582/1044 412/581/1043 1760/584/1046
f 412/581/1043 1759/582/1044 411/590/1045
f 1751/625/1022 1758/622/1031 1752/626/1379
f 1758/622/1031 1751/625/1022 1757/621/1032
f 1750/627/1020 410/624/1380 406/628/1019
f 410/624/1380 1750/627/1020 1756/623/1381
f 1749/626/1018 409/621/1027 405/625/1017
f 409/621/1027 1749/626/1018 1755/622/1028
f 1753/582/1034 408/603/1382 1754/584/1036
f 408/603/1382 1753/582/1034 407/590/1035
f 1745/629/1012 1752/626/1379 1746/630/1383
f 1752/626/1379 1745/629/1012 1751/625/1022
f 1744/631/1010 406/628/1019 402/632/1009
f 406/628/1019 1744/631/1010 1750/627/1020
f 1743/630/1384 405/625/1017 401/629/1007
f 405/625/1017 1743/630/1384 1749/626/1018
f 1747/582/1024 404/603/1023 1748/584/1026
f 404/603/1023 1747/582/1024 403/590/1025
f 1739/633/1002 1746/630/1383 1740/634/1385
f 1746/630/1383 1739/633/1002 1745/629/1012
f 1738/635/1000 402/632/1009 398/636/999
f 402/632/1009 1738/635/1000 1744/631/1010
f 1737/634/1386 401/629/1007 397/633/1387
f 401/629/1007 1737/634/1386 1743/630/1384
f 1741/582/1014 400/603/1013 1742/584/1016
f 400/603/1013 1741/582/1014 399/590/1015
f 1733/637/992 1740/634/1385 1734/638/991
f 1740/634/1385 1733/637/992 1739/633/1002
f 1732/639/990 398/636/999 394/640/989
f 398/636/999 1732/639/990 1738/635/1000
f 1731/638/988 397/633/1387 393/637/987
f 397/633/1387 1731/638/988 1737/634/1386
f 1735/582/1004 396/603/1003 1736/584/1006
f 396/603/1003 1735/582/1004 395/590/1005
f 1727/641/982 1734/638/991 1728/642/1388
f 1734/638/991 1727/641/982 1733/637/992
f 1726/643/980 394/640/989 390/644/1389
f 394/640/989 1726/643/980 1732/639/990
f 1725/642/1390 393/637/987 389/641/1391
f 393/637/987 1725/642/1390 1731/638/988
f 1729/582/994 392/603/993 1730/584/996
f 392/603/993 1729/582/994 391/590/995
f 1721/645/972 1728/642/1388 1722/646/1392
f 1728/642/1388 1721/645/972 1727/641/982
f 1720/647/970 390/644/1389 386/648/969
f 390/644/1389 1720/647/970 1726/643/980
f 1719/646/968 389/641/1391 385/645/1393
f 389/641/1391 1719/646/968 1725/642/1390
f 1723/582/984 388/603/983 1724/584/986
f 388/603/983 1723/582/984 387/590/985
f 1715/649/962 1722/646/1392 1716/650/961
f 1722/646/1392 1715/649/962 1721/645/972
f 1714/651/960 386/648/969 382/652/959
f 386/648/969 1714/651/960 1720/647/970
f 1713/650/1394 385/645/1393 381/649/957
f 385/645/1393 1713/650/1394 1719/646/968
f 1717/582/974 384/603/973 1718/584/976
f 384/603/973 1717/582/974 383/590/975
f 1708/653/951 1716/650/961 1709/654/1395
f 1716/650/961 1708/653/951 1715/649/962
f 1706/655/1396 382/652/959 377/656/945
f 382/652/959 1706/655/1396 1714/651/960
f 1704/654/943 381/649/957 375/653/1397
f 381/649/957 1704/654/943 1713/650/1394
f 1711/582/964 380/603/963 1712/584/1398
f 380/603/963 1711/582/964 379/590/965
f 1707/576/1356 1709/654/1395 1710/574/1354
f 1709/654/1395 1707/576/1356 1708/653/951
f 1705/580/946 377/656/945 378/578/948
f 377/656/945 1705/580/946 1706/655/1396
f 1703/574/1359 375/653/1397 376/576/1358
f 375/653/1397 1703/574/1359 1704/654/943
f 371/582/954 373/603/953 374/584/956
f 373/603/953 371/582/954 372/590/955
f 1699/657/1399 1701/658/1400 1702/659/1401
f 1701/658/1400 1699/657/1399 1700/660/1402
f 1697/661/1403 369/662/1404 370/663/1405
f 369/662/1404 1697/661/1403 1698/664/1406
f 1695/665/1407 367/666/1408 368/667/1409
f 367/666/1408 1695/665/1407 1696/668/1410
f 363/669/1411 365/670/1412 366/671/1413
f 365/670/1412 363/669/1411 364/672/1414
f 1691/657/1415 1693/658/1416 1694/659/1417
f 1693/658/1416 1691/657/1415 1692/660/1418
f 1689/661/1419 361/662/1420 362/663/1421
f 361/662/1420 1689/661/1419 1690/664/1422
f 1687/665/1423 359/666/1424 360/667/1425
f 359/666/1424 1687/665/1423 1688/668/1426
f 355/669/1427 357/670/1428 358/671/1429
f 357/670/1428 355/669/1427 356/672/1430
f 1683/657/1431 1685/658/1432 1686/659/1433
f 1685/658/1432 1683/657/1431 1684/660/1434
f 1681/661/1435 353/662/1436 354/663/1437
f 353/662/1436 1681/661/1435 1682/664/1438
f 1679/665/1439 351/666/1440 352/667/1441
f 351/666/1440 1679/665/1439 1680/668/1442
f 347/669/1443 349/670/1444 350/671/1445
f 349/670/1444 347/669/1443 348/672/1446
f 1675/657/1447 1677/658/1448 1678/659/1449
f 1677/658/1448 1675/657/1447 1676/660/1450
f 1673/661/1451 345/662/1452 346/663/1453
f 345/662/1452 1673/661/1451 1674/664/1454
f 1671/665/1455 343/666/1456 344/667/1457
f 343/666/1456 1671/665/1455 1672/668/1458
f 339/669/1459 341/670/1460 342/671/1461
f 341/670/1460 339/669/1459 340/672/1462
f 1667/657/1463 1669/658/1464 1670/659/1465
f 1669/658/1464 1667/657/1463 1668/660/1466
f 1665/661/1467 337/662/1468 338/663/1469
f 337/662/1468 1665/661/1467 1666/664/1470
f 1663/665/1471 335/666/1472 336/667/1473
f 335/666/1472 1663/665/1471 1664/668/1474
f 331/669/1475 333/670/1476 334/671/1477
f 333/670/1476 331/669/1475 332/672/1478
f 1659/657/1479 1661/658/1480 1662/659/1481
f 1661/658/1480 1659/657/1479 1660/660/1482
f 1657/661/1483 329/662/1484 330/663/1485
f 329/662/1484 1657/661/1483 1658/664/1486
f 1655/665/1487 327/666/1488 328/667/1489
f 327/666/1488 1655/665/1487 1656/668/1490
f 323/669/1491 325/670/1492 326/671/1493
f 325/670/1492 323/669/1491 324/672/1494
f 1651/657/1495 1653/658/1496 1654/659/1497
f 1653/658/1496 1651/657/1495 1652/660/1498
f 1649/661/1499 321/662/1500 322/663/1501
f 321/662/1500 1649/661/1499 1650/664/1502
f 1647/665/1503 319/666/1504 320/667/1505
f 319/666/1504 1647/665/1503 1648/668/1506
f 315/669/1507 317/670/1508 318/671/1509
f 317/670/1508 315/669/1507 316/672/1510
f 1643/657/1511 1645/658/1512 1646/659/1513
f 1645/658/1512 1643/657/1511 1644/660/1514
f 1641/661/1515 313/662/1516 314/663/1517
f 313/662/1516 1641/661/1515 1642/664/1518
f 1639/665/1519 311/666/1520 312/667/1521
f 311/666/1520 1639/665/1519 1640/668/1522
f 307/669/1523 309/670/1524 310/671/1525
f 309/670/1524 307/669/1523 308/672/1526
f 1635/657/1527 1637/658/1528 1638/659/1529
f 1637/658/1528 1635/657/1527 1636/660/1530
f 1633/661/1531 305/662/1532 306/663/1533
f 305/662/1532 1633/661/1531 1634/664/1534
f 1631/665/1535 303/666/1536 304/667/1537
f 303/666/1536 1631/665/1535 1632/668/1538
f 299/669/1539 301/670/1540 302/671/1541
f 301/670/1540 299/669/1539 300/672/1542
f 1627/657/1543 1629/658/1544 1630/659/1545
f 1629/658/1544 1627/657/1543 1628/660/1546
f 1625/661/1547 297/662/1548 298/663/1549
f 297/662/1548 1625/661/1547 1626/664/1550
f 1623/665/1551 295/666/1552 296/667/1553
f 295/666/1552 1623/665/1551 1624/668/1554
f 291/669/1555 293/670/1556 294/671/1557
f 293/670/1556 291/669/1555 292/672/1558
f 1622/707/1559 1608/708/1560 1607/709/1561
f 1608/708/1560 1622/707/1559 1621/710/1562
f 1620/711/1563 1621/710/1562 1622/707/1559
f 1621/710/1562 1620/711/1563 1619/712/1564
f 1618/713/1565 1619/712/1564 1620/711/1563
f 1619/712/1564 1618/713/1565 1617/714/1566
f 1616/715/1567 1617/714/1566 1618/713/1565
f 1617/714/1566 1616/715/1567 1615/716/1568
f 1614/717/1569 1615/716/1568 1616/715/1567
f 1615/716/1568 1614/717/1569 1613/718/1570
f 1612/719/1571 1613/718/1570 1614/717/1569
f 1613/718/1570 1612/719/1571 1611/720/1572
f 1610/721/1573 1611/720/1572 1612/719/1571
f 1611/720/1572 1610/721/1573 1609/722/1574
f 1607/709/1561 1609/722/1574 1610/721/1573
f 1609/722/1574 1607/709/1561 1608/708/1560
s 0
f 283/708/2 284/710/2 290/722/2
f 290/722/2 284/710/2 288/718/2
f 290/722/2 288/718/2 289/720/2
f 288/718/2 284/710/2 286/714/2
f 288/718/2 286/714/2 287/716/2
f 286/714/2 284/710/2 285/712/2
s 1
f 282/689/1575 268/690/1561 267/691/1576
f 268/690/1561 282/689/1575 281/692/1559
f 280/693/1577 281/692/1559 282/689/1575
f 281/692/1559 280/693/1577 279/694/1563
f 278/695/1578 279/694/1563 280/693/1577
f 279/694/1563 278/695/1578 277/696/1565
f 276/697/1579 277/696/1565 278/695/1578
f 277/696/1565 276/697/1579 275/698/1567
f 274/699/1580 275/698/1567 276/697/1579
f 275/698/1567 274/699/1580 273/700/1569
f 1605/701/1581 273/700/1569 274/699/1580
f 273/700/1569 1605/701/1581 1606/702/1582
f 270/703/1583 271/704/1584 272/705/1585
f 271/704/1584 270/703/1583 269/706/1573
f 267/691/1576 269/706/1573 270/703/1583
f 269/706/1573 267/691/1576 268/690/1561
f 1601/657/1586 1603/658/1587 1604/659/1588
f 1603/658/1587 1601/657/1586 1602/660/1589
f 1599/661/1590 265/662/1591 266/663/1592
f 265/662/1591 1599/661/1590 1600/664/1593
f 1597/665/1594 263/666/1595 264/667/1596
f 263/666/1595 1597/665/1594 1598/668/1597
f 259/669/1598 261/670/1599 262/671/1600
f 261/670/1599 259/669/1598 260/672/1601
f 1593/657/1602 1595/658/1603 1596/659/1604
f 1595/658/1603 1593/657/1602 1594/660/1605
f 1591/661/1606 257/662/1607 258/663/1608
f 257/662/1607 1591/661/1606 1592/664/1609
f 1589/665/1610 255/666/1611 256/667/1612
f 255/666/1611 1589/665/1610 1590/668/1613
f 251/669/1614 253/670/1615 254/671/1616
f 253/670/1615 251/669/1614 252/672/1617
s 0
f 1585/1/1 1587/2/1 1588/3/1
f 1587/2/1 1585/1/1 1586/4/1
f 1581/4/2 1583/3/2 1584/2/2
f 1583/3/2 1581/4/2 1582/1/2
f 1577/5/3 1579/6/3 1580/7/3
f 1579/6/3 1577/5/3 1578/8/3
f 250/9/2 1575/2/2 1576/3/2
f 1575/2/2 250/9/2 1574/10/2
f 1571/10/1 1572/3/1 1573/2/1
f 1572/3/1 1571/10/1 249/9/1
f 247/11/4 1569/12/4 1570/13/4
f 1569/12/4 247/11/4 248/14/4
f 246/9/2 1564/2/2 1568/10/2
f 1564/2/2 246/9/2 242/3/2
f 1567/10/1 240/3/1 245/9/1
f 240/3/1 1567/10/1 1562/2/1
f 243/11/5 1566/12/5 244/14/5
f 1566/12/5 243/11/5 1565/13/5
f 241/1/2 1564/2/2 242/3/2
f 1564/2/2 241/1/2 1563/4/2
f 1561/4/1 240/3/1 1562/2/1
f 240/3/1 1561/4/1 239/1/1
f 235/5/6 237/6/6 238/7/6
f 237/6/6 235/5/6 236/8/6
f 1557/723/1618 1559/724/1618 1560/725/1618
f 1559/724/1618 1557/723/1618 1558/726/1618
f 1553/727/6 1555/728/6 1556/729/6
f 1555/728/6 1553/727/6 1554/730/6
f 1549/731/1619 1551/725/1619 1552/724/1619
f 1551/725/1619 1549/731/1619 1550/723/1619
f 1545/730/3 1547/729/3 1548/728/3
f 1547/729/3 1545/730/3 1546/727/3
f 231/732/2 234/733/2 233/734/2
f 234/733/2 231/732/2 232/735/2
f 227/736/1 230/737/1 228/738/1
f 230/737/1 227/736/1 229/739/1
f 1544/740/2 1539/741/2 1543/742/2
f 1543/742/2 1539/741/2 1541/743/2
f 1543/742/2 1541/743/2 1542/744/2
f 1541/743/2 1539/741/2 1540/745/2
f 1538/743/1 1533/745/1 1537/744/1
f 1537/744/1 1533/745/1 1535/740/1
f 1537/744/1 1535/740/1 1536/742/1
f 1535/740/1 1533/745/1 1534/741/1
s 1
f 220/746/1620 221/747/1621 226/748/1622
f 221/747/1621 220/746/1620 215/749/1623
f 219/750/1624 226/748/1622 225/751/1625
f 226/748/1622 219/750/1624 220/746/1620
f 218/752/1626 225/751/1625 224/753/1627
f 225/751/1625 218/752/1626 219/750/1624
f 1531/754/1628 224/753/1627 1532/755/1629
f 224/753/1627 1531/754/1628 218/752/1626
f 216/756/1630 223/757/1629 222/758/1631
f 223/757/1629 216/756/1630 217/759/1628
f 215/749/1623 222/758/1631 221/747/1621
f 222/758/1631 215/749/1623 216/756/1630
f 214/15/7 2509/16/8 209/17/9
f 2509/16/8 214/15/7 2514/18/10
f 213/15/1632 190/18/12 214/15/7
f 190/18/12 213/15/1632 189/18/66
f 212/17/14 2513/18/67 213/15/1632
f 2513/18/67 212/17/14 2512/16/16
f 211/19/17 2512/16/16 212/17/14
f 2512/16/16 211/19/17 2511/20/18
f 210/19/19 187/20/20 211/19/17
f 187/20/20 210/19/19 185/20/21
f 209/17/9 2510/20/1633 210/19/19
f 2510/20/1633 209/17/9 2509/16/8
f 208/21/23 209/17/9 203/22/24
f 209/17/9 208/21/23 214/15/7
f 207/21/25 214/15/7 208/21/23
f 214/15/7 207/21/25 213/15/1632
f 206/22/26 213/15/1632 207/21/25
f 213/15/1632 206/22/26 212/17/14
f 205/23/27 212/17/14 206/22/26
f 212/17/14 205/23/27 211/19/17
f 204/23/28 211/19/17 205/23/27
f 211/19/17 204/23/28 210/19/19
f 203/22/24 210/19/19 204/23/28
f 210/19/19 203/22/24 209/17/9
f 201/24/29 203/22/24 192/25/30
f 203/22/24 201/24/29 208/21/23
f 199/24/31 208/21/23 201/24/29
f 208/21/23 199/24/31 207/21/25
f 197/25/32 207/21/25 199/24/31
f 207/21/25 197/25/32 206/22/26
f 195/26/33 206/22/26 197/25/32
f 206/22/26 195/26/33 205/23/27
f 193/26/1634 205/23/27 195/26/33
f 205/23/27 193/26/1634 204/23/28
f 192/25/30 204/23/28 193/26/1634
f 204/23/28 192/25/30 203/22/24
f 202/27/1635 192/25/30 191/28/70
f 192/25/30 202/27/1635 201/24/29
f 200/27/37 201/24/29 202/27/1635
f 201/24/29 200/27/37 199/24/31
f 198/28/71 199/24/31 200/27/37
f 199/24/31 198/28/71 197/25/32
f 196/29/1636 197/25/32 198/28/71
f 197/25/32 196/29/1636 195/26/33
f 194/29/40 195/26/33 196/29/1636
f 195/26/33 194/29/40 193/26/1634
f 191/28/70 193/26/1634 194/29/40
f 193/26/1634 191/28/70 192/25/30
f 184/30/41 186/16/8 190/18/12
f 186/16/8 184/30/41 180/31/42
f 183/30/43 190/18/12 189/18/66
f 190/18/12 183/30/43 184/30/41
f 182/31/74 189/18/66 188/16/45
f 189/18/66 182/31/74 183/30/43
f 181/32/46 188/16/45 187/20/20
f 188/16/45 181/32/46 182/31/74
f 179/32/47 187/20/20 185/20/21
f 187/20/20 179/32/47 181/32/46
f 180/31/42 185/20/21 186/16/8
f 185/20/21 180/31/42 179/32/47
f 178/33/48 180/31/42 184/30/41
f 180/31/42 178/33/48 174/34/75
f 177/33/1637 184/30/41 183/30/43
f 184/30/41 177/33/1637 178/33/48
f 176/34/51 183/30/43 182/31/74
f 183/30/43 176/34/51 177/33/1637
f 175/35/52 182/31/74 181/32/46
f 182/31/74 175/35/52 176/34/51
f 173/35/53 181/32/46 179/32/47
f 181/32/46 173/35/53 175/35/52
f 174/34/75 179/32/47 180/31/42
f 179/32/47 174/34/75 173/35/53
f 172/36/1638 174/34/75 178/33/48
f 174/34/75 172/36/1638 164/37/55
f 170/36/56 178/33/48 177/33/1637
f 178/33/48 170/36/56 172/36/1638
f 168/37/57 177/33/1637 176/34/51
f 177/33/1637 168/37/57 170/36/56
f 166/38/58 176/34/51 175/35/52
f 176/34/51 166/38/58 168/37/57
f 163/38/59 175/35/52 173/35/53
f 175/35/52 163/38/59 166/38/58
f 164/37/55 173/35/53 174/34/75
f 173/35/53 164/37/55 163/38/59
f 171/39/60 164/37/55 172/36/1638
f 164/37/55 171/39/60 161/40/61
f 169/39/62 172/36/1638 170/36/56
f 172/36/1638 169/39/62 171/39/60
f 167/40/1639 170/36/56 168/37/57
f 170/36/56 167/40/1639 169/39/62
f 165/41/64 168/37/57 166/38/58
f 168/37/57 165/41/64 167/40/1639
f 162/41/65 166/38/58 163/38/59
f 166/38/58 162/41/65 165/41/64
f 161/40/61 163/38/59 164/37/55
f 163/38/59 161/40/61 162/41/65
f 160/15/7 2503/16/8 155/17/9
f 2503/16/8 160/15/7 2508/18/1640
f 159/15/11 136/18/12 160/15/7
f 136/18/12 159/15/11 135/18/66
f 158/17/1641 2507/18/67 159/15/11
f 2507/18/67 158/17/1641 2506/16/16
f 157/19/17 2506/16/16 158/17/1641
f 2506/16/16 157/19/17 2505/20/18
f 156/19/1642 133/20/20 157/19/17
f 133/20/20 156/19/1642 131/20/21
f 155/17/9 2504/20/1633 156/19/1642
f 2504/20/1633 155/17/9 2503/16/8
f 154/21/23 155/17/9 149/22/1643
f 155/17/9 154/21/23 160/15/7
f 153/21/25 160/15/7 154/21/23
f 160/15/7 153/21/25 159/15/11
f 152/22/1644 159/15/11 153/21/25
f 159/15/11 152/22/1644 158/17/1641
f 151/23/27 158/17/1641 152/22/1644
f 158/17/1641 151/23/27 157/19/17
f 150/23/28 157/19/17 151/23/27
f 157/19/17 150/23/28 156/19/1642
f 149/22/1643 156/19/1642 150/23/28
f 156/19/1642 149/22/1643 155/17/9
f 147/24/29 149/22/1643 138/25/30
f 149/22/1643 147/24/29 154/21/23
f 145/24/31 154/21/23 147/24/29
f 154/21/23 145/24/31 153/21/25
f 143/25/32 153/21/25 145/24/31
f 153/21/25 143/25/32 152/22/1644
f 141/26/33 152/22/1644 143/25/32
f 152/22/1644 141/26/33 151/23/27
f 139/26/1634 151/23/27 141/26/33
f 151/23/27 139/26/1634 150/23/28
f 138/25/30 150/23/28 139/26/1634
f 150/23/28 138/25/30 149/22/1643
f 148/27/1635 138/25/30 137/28/70
f 138/25/30 148/27/1635 147/24/29
f 146/27/37 147/24/29 148/27/1635
f 147/24/29 146/27/37 145/24/31
f 144/28/71 145/24/31 146/27/37
f 145/24/31 144/28/71 143/25/32
f 142/29/1636 143/25/32 144/28/71
f 143/25/32 142/29/1636 141/26/33
f 140/29/40 141/26/33 142/29/1636
f 141/26/33 140/29/40 139/26/1634
f 137/28/70 139/26/1634 140/29/40
f 139/26/1634 137/28/70 138/25/30
f 130/30/41 132/16/8 136/18/12
f 132/16/8 130/30/41 126/31/42
f 129/30/43 136/18/12 135/18/66
f 136/18/12 129/30/43 130/30/41
f 128/31/1645 135/18/66 134/16/45
f 135/18/66 128/31/1645 129/30/43
f 127/32/46 134/16/45 133/20/20
f 134/16/45 127/32/46 128/31/1645
f 125/32/47 133/20/20 131/20/21
f 133/20/20 125/32/47 127/32/46
f 126/31/42 131/20/21 132/16/8
f 131/20/21 126/31/42 125/32/47
f 124/33/48 126/31/42 130/30/41
f 126/31/42 124/33/48 120/34/1646
f 123/33/1637 130/30/41 129/30/43
f 130/30/41 123/33/1637 124/33/48
f 122/34/51 129/30/43 128/31/1645
f 129/30/43 122/34/51 123/33/1637
f 121/35/52 128/31/1645 127/32/46
f 128/31/1645 121/35/52 122/34/51
f 119/35/53 127/32/46 125/32/47
f 127/32/46 119/35/53 121/35/52
f 120/34/1646 125/32/47 126/31/42
f 125/32/47 120/34/1646 119/35/53
f 118/36/54 120/34/1646 124/33/48
f 120/34/1646 118/36/54 110/37/55
f 116/36/56 124/33/48 123/33/1637
f 124/33/48 116/36/56 118/36/54
f 114/37/57 123/33/1637 122/34/51
f 123/33/1637 114/37/57 116/36/56
f 112/38/58 122/34/51 121/35/52
f 122/34/51 112/38/58 114/37/57
f 109/38/59 121/35/52 119/35/53
f 121/35/52 109/38/59 112/38/58
f 110/37/55 119/35/53 120/34/1646
f 119/35/53 110/37/55 109/38/59
f 117/39/60 110/37/55 118/36/54
f 110/37/55 117/39/60 107/40/61
f 115/39/62 118/36/54 116/36/56
f 118/36/54 115/39/62 117/39/60
f 113/40/63 116/36/56 114/37/57
f 116/36/56 113/40/63 115/39/62
f 111/41/64 114/37/57 112/38/58
f 114/37/57 111/41/64 113/40/63
f 108/41/65 112/38/58 109/38/59
f 112/38/58 108/41/65 111/41/64
f 107/40/61 109/38/59 110/37/55
f 109/38/59 107/40/61 108/41/65
s 0
f 1527/760/1647 1529/761/1647 1530/762/1647
f 1529/761/1647 1527/760/1647 1528/763/1647
f 1523/764/2 1525/765/2 1526/766/2
f 1525/765/2 1523/764/2 1524/767/2
f 92/768/6 1521/769/6 1522/770/6
f 1521/769/6 92/768/6 93/771/6
f 1517/767/1 1519/766/1 1520/765/1
f 1519/766/1 1517/767/1 1518/764/1
f 93/771/6 1515/772/6 1516/773/6
f 1515/772/6 93/771/6 1490/774/6
f 1511/775/1648 1513/776/1648 1514/777/1648
f 1513/776/1648 1511/775/1648 1512/778/1648
f 1491/779/1649 1509/780/1649 1510/781/1649
f 1509/780/1649 1491/779/1649 94/760/1649
f 1505/782/1650 1507/783/1650 1508/784/1650
f 1507/783/1650 1505/782/1650 1506/785/1650
f 91/763/1649 1503/786/1649 1504/787/1649
f 1503/786/1649 91/763/1649 1492/788/1649
f 1499/789/1648 1501/790/1648 1502/791/1648
f 1501/790/1648 1499/789/1648 1500/792/1648
f 1489/793/6 1497/794/6 1498/795/6
f 1497/794/6 1489/793/6 92/768/6
f 1493/796/1650 1495/797/1650 1496/798/1650
f 1495/797/1650 1493/796/1650 1494/799/1650
f 1491/779/1649 91/763/1649 94/760/1649
f 91/763/1649 1491/779/1649 1492/788/1649
f 99/800/2 101/801/2 102/802/2
f 101/801/2 99/800/2 100/803/2
f 1489/793/6 93/771/6 92/768/6
f 93/771/6 1489/793/6 1490/774/6
f 95/803/1 97/802/1 98/801/1
f 97/802/1 95/803/1 96/800/1
s 1
f 89/804/1651 1488/805/1652 90/806/1653
f 1488/805/1652 89/804/1651 1487/807/1652
f 87/808/1654 1486/809/1655 88/810/1656
f 1486/809/1655 87/808/1654 1485/811/1655
f 1480/812/1657 1483/788/1658 1484/779/1658
f 1483/788/1658 1480/812/1657 1479/813/1659
f 1478/814/1660 86/815/1661 1482/816/1662
f 86/815/1661 1478/814/1660 82/817/1663
f 1477/818/1664 85/774/1665 1481/793/1665
f 85/774/1665 1477/818/1664 81/819/1666
f 79/817/1667 84/816/1668 83/815/1669
f 84/816/1668 79/817/1667 80/814/1670
f 1476/820/1671 1479/813/1659 1480/812/1657
f 1479/813/1659 1476/820/1671 1475/821/1672
f 1474/822/1673 82/817/1663 1478/814/1660
f 82/817/1663 1474/822/1673 78/823/1674
f 1473/824/1675 81/819/1666 1477/818/1664
f 81/819/1666 1473/824/1675 77/825/1676
f 75/823/1677 80/814/1670 79/817/1667
f 80/814/1670 75/823/1677 76/822/1678
f 1472/826/1679 1475/821/1672 1476/820/1671
f 1475/821/1672 1472/826/1679 1471/827/1680
f 1470/828/1681 78/823/1674 1474/822/1673
f 78/823/1674 1470/828/1681 74/829/1682
f 1469/830/1683 77/825/1676 1473/824/1675
f 77/825/1676 1469/830/1683 73/831/1684
f 71/829/1678 76/822/1678 75/823/1677
f 76/822/1678 71/829/1678 72/828/1685
f 1468/832/1686 1471/827/1680 1472/826/1679
f 1471/827/1680 1468/832/1686 1467/833/1687
f 1464/834/2 74/829/1682 1470/828/1681
f 74/829/1682 1464/834/2 70/835/2
f 1461/833/1688 73/831/1684 1469/830/1683
f 73/831/1684 1461/833/1688 69/832/1689
f 67/835/1 72/828/1685 71/829/1678
f 72/828/1685 67/835/1 68/834/1
f 1465/836/3 1467/833/1687 1468/832/1686
f 1467/833/1687 1465/836/3 1466/837/3
s 0
f 1462/838/2 70/835/2 1464/834/2
f 70/835/2 1462/838/2 1463/839/2
s 1
f 1459/837/6 69/832/1689 1461/833/1688
f 69/832/1689 1459/837/6 1460/836/6
s 0
f 1457/839/1 68/834/1 67/835/1
f 68/834/1 1457/839/1 1458/838/1
f 1456/840/6 1453/841/6 1368/842/6
f 1368/842/6 1453/841/6 1369/843/6
f 1369/843/6 1453/841/6 1455/844/6
f 1455/844/6 1453/841/6 1454/845/6
s 1
f 1450/846/2 66/847/1652 1452/848/1652
f 66/847/1652 1450/846/2 1451/849/2
s 0
f 65/844/3 1447/845/3 1363/850/3
f 1363/850/3 1447/845/3 1361/842/3
f 1361/842/3 1447/845/3 1449/840/3
f 1449/840/3 1447/845/3 1448/841/3
s 1
f 1445/849/1 64/848/1655 63/847/1655
f 64/848/1655 1445/849/1 1446/846/1
f 62/851/1690 1443/852/1691 59/853/1692
f 1443/852/1691 62/851/1690 1444/854/1691
f 60/855/1693 57/856/1694 61/857/1695
f 57/856/1694 60/855/1693 1435/858/1694
f 1441/859/1 1443/852/1691 1444/854/1691
f 1443/852/1691 1441/859/1 1442/860/1
s 0
f 58/861/1619 1436/862/1619 1440/863/1619
f 1440/863/1619 1436/862/1619 1439/864/1619
f 1439/864/1619 1436/862/1619 1438/865/1619
f 1438/865/1619 1436/862/1619 1437/866/1619
s 1
f 1433/867/2 57/856/1694 1435/858/1694
f 57/856/1694 1433/867/2 1434/868/2
s 0
f 56/865/1618 1429/866/1618 1432/864/1618
f 1432/864/1618 1429/866/1618 1431/863/1618
f 1431/863/1618 1429/866/1618 55/861/1618
f 55/861/1618 1429/866/1618 1430/862/1618
f 1428/869/3 1426/870/3 1427/871/3
f 1425/870/6 1423/869/6 1424/870/6
f 1422/872/2 24/873/2 1374/874/2
f 1418/875/6 1420/876/6 1421/877/6
f 1420/876/6 1418/875/6 1419/878/6
s 1
f 59/853/1692 61/857/1695 62/851/1690
f 61/857/1695 59/853/1692 60/855/1693
s 0
f 1414/879/6 1416/880/6 1417/881/6
f 1416/880/6 1414/879/6 1415/882/6
f 1413/872/1 1373/874/1 21/873/1
s 1
f 47/883/1696 38/884/1697 48/885/1696
f 38/884/1697 47/883/1696 1406/886/1697
f 45/887/1698 34/888/1699 46/889/1698
f 34/888/1699 45/887/1698 33/890/1700
f 43/891/1696 30/892/1697 44/893/1696
f 30/892/1697 43/891/1696 1384/894/1697
f 41/895/1698 26/896/1699 42/897/1698
f 26/896/1699 41/895/1698 25/898/1700
s 0
f 1412/899/1 1411/900/1 1372/901/1
f 1372/901/1 1411/900/1 3/902/1
f 3/902/1 1411/900/1 1410/903/1
f 15/904/1 1410/903/1 1407/905/1
f 1410/903/1 15/904/1 3/902/1
f 15/904/1 1407/905/1 21/873/1
f 21/873/1 1407/905/1 1409/906/1
f 1409/906/1 1407/905/1 1408/907/1
s 1
f 1404/908/1619 38/884/1697 1406/886/1697
f 38/884/1697 1404/908/1619 1405/909/1619
s 0
f 37/906/2 1402/907/2 1403/873/2
f 1403/873/2 1402/907/2 1400/904/2
f 1400/904/2 1402/907/2 1401/905/2
f 1399/902/2 1401/905/2 1395/903/2
f 1401/905/2 1399/902/2 1400/904/2
f 1399/902/2 1395/903/2 1398/901/2
f 1398/901/2 1395/903/2 1397/899/2
f 1397/899/2 1395/903/2 1396/900/2
s 1
f 11/910/1701 34/888/1699 33/890/1700
f 34/888/1699 11/910/1701 12/911/1702
s 0
f 1394/899/1 1392/900/1 1393/901/1
f 1393/901/1 1392/900/1 1390/902/1
f 1390/902/1 1392/900/1 1391/903/1
f 1389/904/1 1391/903/1 1385/912/1
f 1391/903/1 1389/904/1 1390/902/1
f 1389/904/1 1385/912/1 1388/873/1
f 1388/873/1 1385/912/1 1387/906/1
f 1387/906/1 1385/912/1 1386/907/1
s 1
f 1382/913/1619 30/892/1697 1384/894/1697
f 30/892/1697 1382/913/1619 1383/914/1619
s 0
f 29/906/2 1381/907/2 24/873/2
f 24/873/2 1381/907/2 18/904/2
f 18/904/2 1381/907/2 1380/905/2
f 6/902/2 1380/905/2 1377/903/2
f 1380/905/2 6/902/2 18/904/2
f 6/902/2 1377/903/2 1366/901/2
f 1366/901/2 1377/903/2 1379/899/2
f 1379/899/2 1377/903/2 1378/915/2
s 1
f 13/916/1701 26/896/1699 25/898/1700
f 26/896/1699 13/916/1701 14/917/1702
s 0
f 24/873/2 18/904/2 1374/874/2
s 1
f 31/918/1703 43/891/1696 44/893/1696
f 43/891/1696 31/918/1703 28/919/1704
s 0
f 16/920/6 23/921/6 22/922/6
f 23/921/6 16/920/6 17/923/6
s 1
f 39/924/1703 47/883/1696 48/885/1696
f 47/883/1696 39/924/1703 36/925/1704
s 0
f 21/873/1 1373/874/1 15/904/1
f 2/926/3 1375/927/3 1376/928/3
f 1375/927/3 2/926/3 1/929/3
f 18/904/2 1365/930/2 1374/874/2
f 1365/930/2 18/904/2 6/902/2
s 1
f 32/931/1705 28/919/1704 31/918/1703
f 28/919/1704 32/931/1705 27/932/1706
s 0
f 4/933/6 17/923/6 16/920/6
f 17/923/6 4/933/6 5/934/6
s 1
f 40/935/1705 36/925/1704 39/924/1703
f 36/925/1704 40/935/1705 35/936/1707
s 0
f 1370/930/1 15/904/1 1373/874/1
f 15/904/1 1370/930/1 3/902/1
f 3/902/1 1371/937/1 1372/901/1
f 1371/937/1 3/902/1 1370/930/1
s 1
f 35/936/1707 45/887/1698 46/889/1698
f 45/887/1698 35/936/1707 40/935/1705
s 0
f 5/934/6 1368/842/6 1369/843/6
f 1368/842/6 5/934/6 4/933/6
s 1
f 27/932/1706 41/895/1698 42/897/1698
f 41/895/1698 27/932/1706 32/931/1705
s 0
f 1365/930/2 1366/901/2 1367/937/2
f 1366/901/2 1365/930/2 6/902/2
f 1363/850/3 2/926/3 1364/938/3
f 1/929/3 1363/850/3 1361/842/3
f 1363/850/3 1/929/3 2/926/3
f 1362/939/3 1/929/3 1361/842/3
s 1
f 9/940/1618 14/917/1702 13/916/1701
f 14/917/1702 9/940/1618 10/941/1618
f 88/810/1656 90/806/1653 87/808/1654
f 90/806/1653 88/810/1656 89/804/1651
f 7/942/1618 12/911/1702 11/910/1701
f 12/911/1702 7/942/1618 8/943/1618
s 0
f 53/944/1619 52/945/1619 19/946/1619
f 52/945/1619 53/944/1619 51/947/1619
f 103/948/1648 105/949/1648 106/950/1648
f 105/949/1648 103/948/1648 104/951/1648
f 20/952/1619 50/953/1619 54/954/1619
f 50/953/1619 20/952/1619 49/955/1619
